step,theta_1,theta_2,cost_func
0,0.05839135051546392,0.6532884974555669,6.737190464870012
1,0.06289175271039385,0.7700097825599365,5.931593568604957
2,0.057822927461428135,0.7913481156584673,5.901154707081387
3,0.051063625160778156,0.795729810284954,5.895228586444221
4,0.04401437836500261,0.7970961782721866,5.890094943117332
5,0.03692413114216263,0.7979254732843951,5.885004158443646
6,0.029837117577144842,0.7986582394519285,5.879932480491416
7,0.02276118189403885,0.7993727912003019,5.874879094762575
8,0.015697699574200145,0.8000830518518655,5.8698439118063845
9,0.008646896228913546,0.8007914983590768,5.8648268653129305
10,0.0016087930989843735,0.8014985729280016,5.8598278899321805
11,-0.005416624870320635,0.8022043560583255,5.85484692057229
12,-0.01242937915180076,0.8029088639482521,5.849883892376585
13,-0.019429492325268312,0.8036121013621462,5.844938740722034
14,-0.026416987133500117,0.8043140710284592,5.840011401218366
15,-0.03339188631448141,0.8050147753103407,5.835101809707228
16,-0.040354212571645856,0.8057142165026173,5.83020990226139
17,-0.047303988568646045,0.8064123968845913,5.8253356151838664
18,-0.05424123692848455,0.8071093187294315,5.820478885007099
19,-0.06116598023341994,0.8078049843058496,5.8156396484921515
20,-0.06807824102501053,0.8084993958784037,5.81081784262787
21,-0.0749780418041825,0.8091925557075582,5.806013404630042
22,-0.08186540503130209,0.8098844660497012,5.801226271940627
23,-0.08874035312624867,0.8105751291571527,5.796456382226899
24,-0.09560290846848761,0.8112645472781728,5.791703673380652
25,-0.10245309339714316,0.8119527226569687,5.786968083517396
26,-0.10929093021107114,0.8126396575337025,5.782249550975539
27,-0.11611644116893156,0.813325354144498,5.777548014315598
28,-0.12292964848926108,0.8140098147214483,5.772863412319381
29,-0.12973057435054527,0.8146930414926227,5.768195683989212
30,-0.13651924089129092,0.8153750366820742,5.76354476854712
31,-0.14329567021009798,0.8160558025098472,5.758910605434049
32,-0.1500598843657316,0.8167353411919838,5.7542931343090755
33,-0.15681190537719386,0.8174136549405314,5.7496922950486296
34,-0.16355175522379548,0.8180907459635505,5.745108027745686
35,-0.17027945584522738,0.8187666164651208,5.740540272709014
36,-0.17699502914163212,0.8194412686453493,5.735988970462384
37,-0.1836984969736751,0.8201147047003768,5.7314540617437935
38,-0.1903898811626158,0.8207869268223856,5.7269354875047025
39,-0.19706920349037874,0.8214579371996062,5.722433188909259
40,-0.2037364856996245,0.822127738016325,5.717947107333528
41,-0.21039174949382042,0.8227963314528903,5.7134771843647485
42,-0.21703501653731125,0.8234637196857207,5.709023361800548
43,-0.22366630845538965,0.8241299048873114,5.704585581648199
44,-0.23028564683436667,0.8247948892262416,5.700163786123851
45,-0.23689305322164195,0.8254586748671812,5.695757917651815
46,-0.24348854912577386,0.8261212639708981,5.69136791886375
47,-0.25007215601654953,0.8267826586942654,5.6869937325979825
48,-0.25664389532505477,0.8274428611902682,5.682635301898706
49,-0.2632037884437438,0.8281018736080105,5.6782925700152935
50,-0.2697518567265089,0.8287596980927223,5.673965480401504
51,-0.27628812148874987,0.8294163367857669,5.669653976714795
52,-0.28281260400744346,0.8300717918246473,5.665358002815553
53,-0.28932532552121265,0.8307260653430135,5.661077502766383
54,-0.2958263072303958,0.8313791594706695,5.656812420831358
55,-0.30231557029711564,0.8320310763335801,5.6525627014753335
56,-0.30879313584534807,0.8326818180538778,5.648328289363183
57,-0.315259024960991,0.8333313867498697,5.644109129359094
58,-0.32171325869193307,0.8339797845360446,5.639905166525854
59,-0.328155858048122,0.8346270135230796,5.635716346124135
60,-0.3345868440016331,0.835273075817847,5.6315426136117726
61,-0.34100623748673753,0.8359179735234217,5.627383914643053
62,-0.3474140593999704,0.8365617087390872,5.623240195068026
63,-0.3538103306001988,0.8372042835603428,5.6191114009317795
64,-0.3601950719086897,0.8378457000789108,5.6149974784737395
65,-0.36656830410917784,0.8384859603827427,5.610898374126984
66,-0.37293004794793316,0.8391250665560264,5.606814034517532
67,-0.37928032413382856,0.8397630206791926,5.6027444064636525
68,-0.38561915333840713,0.8403998248289223,5.59868943697516
69,-0.39194655619594954,0.8410354810781527,5.594649073252758
70,-0.3982625533035412,0.8416699914960846,5.590623262687323
71,-0.4045671652211394,0.8423033581481884,5.586611952859217
72,-0.41086041247163996,0.8429355830962117,5.5826150915376225
73,-0.41714231554094433,0.8435666683981857,5.578632626679853
74,-0.42341289487802614,0.8441966161084314,5.574664506430678
75,-0.42967217089499776,0.8448254282775671,5.570710679121645
76,-0.4359201639671768,0.8454531069525142,5.566771093270404
77,-0.44215689443315237,0.8460796541765048,5.562845697580047
78,-0.44838238259485136,0.8467050719890875,5.558934440938444
79,-0.45459664871760447,0.8473293624261348,5.555037272417543
80,-0.4607997130302123,0.8479525275198488,5.551154141272754
81,-0.46699159572501087,0.8485745692987691,5.547284996942257
82,-0.4731723169579378,0.8491954897877779,5.543429789046349
83,-0.4793418968485976,0.8498152910081079,5.539588467386807
84,-0.48550035548032733,0.8504339749773481,5.535760981946202
85,-0.49164771290026177,0.8510515437094506,5.531947282887273
86,-0.497783989119399,0.8516679992147372,5.528147320552271
87,-0.5039092041126652,0.8522833434999061,5.524361045462307
88,-0.5100233778189799,0.8528975785680377,5.520588408316712
89,-0.5161265301413209,0.8535107064186024,5.516829359992402
90,-0.5222186809467889,0.8541227290474656,5.513083851543223
91,-0.5282998500666722,0.8547336484468955,5.509351834199333
92,-0.5343700572965113,0.8553434666055688,5.5056332593665385
93,-0.5404293223961635,0.8559521855085775,5.501928078625699
94,-0.5464776650898668,0.8565598071374354,5.498236243732064
95,-0.5525151050663047,0.8571663334700842,5.494557706614666
96,-0.5585416619786697,0.8577717664809001,5.490892419375678
97,-0.5645573554447276,0.8583761081407008,5.487240334289806
98,-0.5705622050468814,0.8589793604167507,5.483601403803652
99,-0.5765562303322347,0.8595815252727688,5.479975580535111
100,-0.5825394508126558,0.8601826046689336,5.476362817272741
101,-0.5885118859648409,0.8607826005618906,5.472763066975153
102,-0.5944735552303778,0.8613815149047582,5.469176282770398
103,-0.6004244780158086,0.861979349647134,5.465602417955358
104,-0.6063646736926934,0.8625761067351013,5.462041425995138
105,-0.6122941615976734,0.8631717881112356,5.4584932605224585
106,-0.6182129610325333,0.8637663957146104,5.454957875337047
107,-0.6241210912642648,0.864359931480804,5.451435224405054
108,-0.630018571525129,0.8649523973419058,5.4479252618584235
109,-0.6359054210127186,0.865543795226522,5.444427941994334
110,-0.6417816588900213,0.8661341270597828,5.440943219274568
111,-0.6476473042854812,0.8667233947633476,5.437471048324931
112,-0.6535023762930622,0.8673116002554123,5.434011383934687
113,-0.6593468939723088,0.8678987454507151,5.43056418105592
114,-0.6651808763484093,0.8684848322605423,5.4271293948029875
115,-0.671004342412257,0.8690698625927351,5.423706980451918
116,-0.6768173111205126,0.8696538383516959,5.420296893439838
117,-0.6826198013956652,0.8702367614383937,5.416899089364381
118,-0.6884118321260947,0.8708186337503713,5.413513523983122
119,-0.6941934221661327,0.8713994571817509,5.410140153212986
120,-0.6999645903361239,0.8719792336232401,5.4067789331296945
121,-0.7057253554224879,0.8725579649621386,5.403429819967165
122,-0.7114757361777797,0.873135653082344,5.400092770116974
123,-0.7172157513207511,0.8737122998643578,5.3967677401277685
124,-0.7229454195364116,0.874287907185292,5.393454686704698
125,-0.728664759476089,0.8748624769188749,5.390153566708864
126,-0.7343737897574906,0.8754360109354569,5.386864337156749
127,-0.7400725289647632,0.8760085111020172,5.383586955219662
128,-0.745760995648554,0.8765799792821695,5.380321378223178
129,-0.751439208326071,0.8771504173361683,5.377067563646583
130,-0.7571071854811431,0.8777198271209147,5.373825469122314
131,-0.7627649455642801,0.8782882104899624,5.370595052435429
132,-0.7684125069927333,0.8788555692935243,5.3673762715230255
133,-0.7740498881505551,0.8794219053784776,5.364169084473712
134,-0.7796771073886586,0.8799872205883708,5.360973449527068
135,-0.785294183024878,0.8805515167634289,5.357789325073084
136,-0.7909011333440276,0.8811147957405598,5.354616669651632
137,-0.7964979765979616,0.8816770593533604,5.351455441951913
138,-0.8020847310056336,0.882238309432122,5.348305600811943
139,-0.8076614147531557,0.8827985478038369,5.345167105217981
140,-0.8132280459938577,0.8833577762922041,5.34203991430403
141,-0.8187846428483464,0.883915996717635,5.338923987351285
142,-0.8243312234045646,0.8844732108972596,5.335819283787601
143,-0.8298678057178496,0.8850294206449325,5.332725763186986
144,-0.8353944078109924,0.8855846277712385,5.329643385269056
145,-0.840911047674296,0.8861388340834986,5.326572109898499
146,-0.8464177432656345,0.8866920413857761,5.323511897084589
147,-0.8519145125105108,0.8872442514788821,5.320462706980629
148,-0.8574013733021155,0.8877954661603819,5.317424499883462
149,-0.8628783435013853,0.8883456872246002,5.314397236232924
150,-0.8683454409370605,0.8888949164626272,5.311380876611357
151,-0.8738026834057434,0.8894431556623249,5.308375381743072
152,-0.8792500886719564,0.8899904066083322,5.305380712493862
153,-0.8846876744681996,0.8905366710820709,5.302396829870463
154,-0.8901154584950085,0.891081950861752,5.299423695020081
155,-0.8955334584210117,0.8916262477223809,5.296461269229851
156,-0.9009416918829886,0.892169563435763,5.2935095139263595
157,-0.9063401764859261,0.8927118997705107,5.290568390675128
158,-0.9117289298030771,0.8932532584920476,5.287637861180119
159,-0.9171079693760165,0.8937936413626153,5.2847178872832306
160,-0.922477312714699,0.8943330501412785,5.281808430963811
161,-0.9278369772975161,0.8948714865839315,5.278909454338153
162,-0.9331869805713527,0.8954089524433027,5.276020919659001
163,-0.938527339951644,0.8959454494689618,5.273142789315071
164,-0.943858072822432,0.8964809794073243,5.270275025830545
165,-0.9491791965364226,0.8970155440016577,5.267417591864591
166,-0.9544907284150417,0.8975491449920872,5.264570450210888
167,-0.9597926857484916,0.898081784115601,5.261733563797108
168,-0.9650850857958077,0.8986134631060566,5.2589068956844836
169,-0.9703679457849137,0.8991441836941857,5.256090409067274
170,-0.9756412829126788,0.8996739476076003,5.253284067272323
171,-0.9809051143449731,0.9002027565707984,5.250487833758564
172,-0.9861594572167234,0.9007306123051692,5.247701672116555
173,-0.9914043286319694,0.9012575165289988,5.244925546067996
174,-0.996639745663919,0.9017834709574764,5.242159419465254
175,-1.001865725355004,0.902308477302699,5.2394032562909025
176,-1.0070822847169358,0.9028325372736776,5.236657020657251
177,-1.01228944073076,0.9033556525763423,5.233920676805868
178,-1.017487210346913,0.9038778249135484,5.231194189107127
179,-1.0226756104852757,0.9043990559850815,5.228477522059737
180,-1.0278546580352297,0.9049193474876631,5.225770640290267
181,-1.0330243698557118,0.9054387011149563,5.223073508552727
182,-1.038184762775269,0.9059571185575711,5.220386091728056
183,-1.0433358535921131,0.9064746015030701,5.217708354823696
184,-1.0484776590741756,0.9069911516359741,5.215040262973137
185,-1.0536101959591622,0.907506770637767,5.212381781435449
186,-1.0587334809546072,0.9080214601869019,5.209732875594843
187,-1.063847530737928,0.9085352219588062,5.207093510960207
188,-1.0689523619564796,0.9090480576258873,5.204463653164675
189,-1.074047991227608,0.909559968857538,5.201843267965149
190,-1.0791344351387053,0.9100709573201415,5.199232321241894
191,-1.0842117102472633,0.9105810246770777,5.196630778998065
192,-1.0892798330809268,0.9110901725887276,5.19403860735926
193,-1.0943388201375486,0.9115984027124796,5.19145577257311
194,-1.0993886878852421,0.9121057167027342,5.188882241008802
195,-1.1044294527624354,0.91261211621091,5.186317979156677
196,-1.109461131177925,0.9131176028854483,5.183762953627759
197,-1.1144837395109286,0.9136221783718195,5.18121713115335
198,-1.1194972941111392,0.9141258443125273,5.178680478584577
199,-1.1245018112987775,0.9146286023471152,5.176152962891969
200,-1.1294973073646457,0.9151304541121708,5.173634551165024
201,-1.1344837985701803,0.9156314012413316,5.17112521061178
202,-1.1394613011475048,0.9161314453652908,5.168624908558405
203,-1.1444298312994827,0.9166305881118018,5.166133612448731
204,-1.1493894051997708,0.9171288311056836,5.163651289843877
205,-1.1543400389928709,0.9176261759688266,5.161177908421788
206,-1.1592817487941824,0.9181226243201975,5.158713435976851
207,-1.164214550690056,0.9186181777758449,5.156257840419433
208,-1.169138460737845,0.9191128379489037,5.153811089775505
209,-1.1740534949659573,0.9196066064496018,5.151373152186197
210,-1.1789596693739084,0.9200994848852637,5.148943995907394
211,-1.1838569999323731,0.9205914748603172,5.146523589309325
212,-1.1887455025832376,0.9210825779762974,5.144111900876141
213,-1.1936251932396513,0.921572795831853,5.141708899205515
214,-1.1984960877860784,0.9220621300227506,5.1393145530082345
215,-1.2033582020783502,0.9225505821418805,5.136928831107779
216,-1.208211551943716,0.9230381537792616,5.134551702439931
217,-1.213056153180895,0.9235248465220465,5.1321831360523635
218,-1.217892021560128,0.924010661954527,5.129823101104237
219,-1.2227191728232283,0.9244956016581389,5.127471566865795
220,-1.227537622683633,0.9249796672114676,5.125128502717983
221,-1.232347386826454,0.9254628601902526,5.122793878152008
222,-1.2371484809085298,0.9259451821673932,5.120467662768993
223,-1.2419409205584755,0.9264266347129532,5.118149826279544
224,-1.2467247213767343,0.9269072193941664,5.115840338503369
225,-1.2514998989356283,0.9273869377754416,5.113539169368884
226,-1.2562664687794085,0.9278657914183671,5.111246288912826
227,-1.2610244464243063,0.928343781881717,5.108961667279849
228,-1.2657738473585838,0.928820910721455,5.106685274722152
229,-1.2705146870425834,0.9292971794907403,5.104417081599076
230,-1.2752469809087792,0.9297725897399323,5.102157058376734
231,-1.2799707443618265,0.9302471430165956,5.099905175627619
232,-1.2846859927786125,0.9307208408655054,5.097661404030209
233,-1.289392741508306,0.9311936848286524,5.095425714368611
234,-1.2940910058724073,0.9316656764452471,5.093198077532151
235,-1.2987808011647985,0.932136817251726,5.090978464515023
236,-1.303462142651793,0.932607108781756,5.08876684641589
237,-1.3081350455721847,0.9330765525662391,5.0865631944375185
238,-1.312799525137299,0.9335451501333181,5.0843674798864
239,-1.3174555965310406,0.9340129030083807,5.082179674172383
240,-1.3221032749099442,0.9344798127140652,5.079999748808298
241,-1.3267425754032232,0.9349458807702655,5.077827675409569
242,-1.331373513112819,0.9354111086941352,5.075663425693872
243,-1.335996103113451,0.9358754980000934,5.073506971480756
244,-1.3406103604526642,0.9363390501998291,5.071358284691266
245,-1.3452163001508792,0.9368017668023066,5.069217337347598
246,-1.349813937201441,0.9372636493137702,5.067084101572704
247,-1.3544032865706677,0.9377246992377486,5.06495854958997
248,-1.3589843631978988,0.9381849180750605,5.062840653722809
249,-1.3635571819955448,0.9386443073238195,5.0607303863943445
250,-1.3681217578491345,0.9391028684794385,5.05862772012701
251,-1.3726781056173645,0.9395606030346343,5.056532627542232
252,-1.377226240132147,0.9400175124794338,5.054445081360034
253,-1.3817661761986584,0.9404735983011773,5.052365054398718
254,-1.3862979285953874,0.9409288619845244,5.050292519574478
255,-1.3908215120741827,0.9413833050114583,5.048227449901074
256,-1.3953369413603018,0.9418369288612908,5.0461698184894574
257,-1.3998442311524586,0.9422897350106672,5.044119598547442
258,-1.4043433961228704,0.9427417249335708,5.042076763379342
259,-1.4088344509173072,0.9431929001013282,5.040041286385626
260,-1.4133174101551385,0.9436432619826135,5.038013141062576
261,-1.4177922884293805,0.9440928120434534,5.03599230100194
262,-1.4222591003067446,0.9445415517472323,5.0339787398905775
263,-1.426717860327684,0.9449894825546963,5.031972431510144
264,-1.4311685830064413,0.9454366059239585,5.029973349736707
265,-1.435611282831096,0.9458829233105037,5.0279814685404585
266,-1.4400459742636116,0.9463284361671929,5.025996761985323
267,-1.4444726717398821,0.9467731459442682,5.0240192042286695
268,-1.4488913896697797,0.9472170540893577,5.022048769520929
269,-1.4533021424372015,0.9476601620474799,5.020085432205296
270,-1.4577049444001158,0.9481024712610484,5.018129166717368
271,-1.4620998098906097,0.9485439831698768,5.016179947584836
272,-1.4664867532149353,0.9489846992111832,5.014237749427129
273,-1.470865788653556,0.9494246208195952,5.012302546955105
274,-1.4752369304611939,0.9498637494271542,5.010374314970707
275,-1.479600192866875,0.9503020864633203,5.00845302836664
276,-1.4839555900739763,0.9507396333549766,5.006538662126048
277,-1.4883031362602719,0.9511763915264343,5.004631191322176
278,-1.4926428455779792,0.9516123623994371,5.002730591118059
279,-1.4969747321538047,0.9520475473931662,5.000836836766201
280,-1.5012988100889904,0.9524819479242441,4.998949903608227
281,-1.505615093459359,0.9529155654067399,4.997069767074596
282,-1.5099235963153608,0.9533484012521737,4.995196402684256
283,-1.514224332682118,0.9537804568695212,4.993329786044341
284,-1.518517316559472,0.9542117336652183,4.991469892849847
285,-1.522802561922028,0.9546422330431656,4.989616698883301
286,-1.5270800827192001,0.9550719564047332,4.987770180014482
287,-1.5313498928752576,0.955500905148765,4.985930312200062
288,-1.5356120062893701,0.9559290806715831,4.984097071483333
289,-1.5398664368356523,0.956356484366993,4.982270433993872
290,-1.5441131983632097,0.9567831176262876,4.9804503759472345
291,-1.5483523046961836,0.9572089818382518,4.97863687364465
292,-1.5525837696337954,0.957634078389167,4.976829903472698
293,-1.5568076069503929,0.9580584086628159,4.975029441903032
294,-1.5610238303954935,0.9584819740404867,4.973235465492034
295,-1.5652324536938302,0.9589047759009777,4.971447950880541
296,-1.569433490545396,0.9593268156206016,4.96966687479352
297,-1.573626954625488,0.9597480945731905,4.967892214039785
298,-1.5778128595847523,0.9601686141300999,4.966123945511668
299,-1.5819912190492287,0.9605883756602133,4.964362046184745
300,-1.5861620466203945,0.9610073805299465,4.962606493117519
301,-1.5903253558752093,0.9614256301032524,4.960857263451133
302,-1.5944811603661584,0.9618431257416252,4.959114334409054
303,-1.598629473621298,0.962259868804105,4.957377683296805
304,-1.6027703091442984,0.9626758606472816,4.955647287501639
305,-1.6069036804144885,0.9630911026253001,4.9539231244922695
306,-1.611029600886899,0.9635055960898642,4.9522051718185605
307,-1.6151480839923067,0.963919342390241,4.950493407111237
308,-1.6192591431372787,0.9643323428732659,4.948787808081609
309,-1.6233627917042148,0.9647445988833457,4.947088352521255
310,-1.627459043051392,0.9651561117624645,4.945395018301757
311,-1.6315479105130077,0.965566882850187,4.943707783374399
312,-1.6356294073992232,0.9659769134836632,4.9420266257698735
313,-1.6397035469962071,0.966386204997633,4.9403515235980295
314,-1.643770342566178,0.9667947587244299,4.9386824550475374
315,-1.6478298073474484,0.9672025759939861,4.937019398385644
316,-1.6518819545544674,0.9676096581338364,4.93536233195787
317,-1.6559267973778635,0.9680160064691224,4.933711234187741
318,-1.6599643489844884,0.9684216223225973,4.9320660835765
319,-1.6639946225174589,0.9688265070146297,4.930426858702817
320,-1.6680176310962,0.969230661863208,4.928793538222535
321,-1.6720333878164881,0.9696340881839453,4.927166100868364
322,-1.676041905750493,0.9700367872900825,4.925544525449623
323,-1.6800431979468202,0.9704387604924937,4.923928790851962
324,-1.6840372774305545,0.9708400090996899,4.922318876037082
325,-1.6880241572033017,0.9712405344178237,4.920714760042451
326,-1.6920038502432304,0.9716403377506925,4.9191164219810695
327,-1.695976369505115,0.9720394203997442,4.917523841041141
328,-1.6999417279203783,0.9724377836640804,4.915936996485851
329,-1.7038999383971323,0.9728354288404609,4.914355867653076
330,-1.707851013820221,0.973232357223308,4.9127804339551115
331,-1.7117949670512624,0.973628570104711,4.911210674878409
332,-1.71573181092869,0.9740240687744296,4.909646569983314
333,-1.7196615582677952,0.9744188545198987,4.908088098903787
334,-1.723584221860768,0.9748129286262328,4.90653524134715
335,-1.7274998144767397,0.9752062923762296,4.904987977093813
336,-1.731408348861824,0.9755989470503743,4.903446285997033
337,-1.7353098377391583,0.9759908939268442,4.901910147982609
338,-1.7392042938089454,0.9763821342815124,4.900379543048668
339,-1.743091729748495,0.9767726693879522,4.898854451265367
340,-1.7469721582122641,0.977162500517441,4.897334852774656
341,-1.7508455918318997,0.9775516289389647,4.8958207277900145
342,-1.7547120432162784,0.977940055919222,4.89431205659619
343,-1.7585715249515483,0.9783277827226277,4.892808819548946
344,-1.7624240496011698,0.9787148106113178,4.89131099707479
345,-1.7662696297059566,0.979101140845153,4.889818569670748
346,-1.770108277784116,0.979486774681723,4.88833151790409
347,-1.77394000633129,0.9798717133763507,4.88684982241208
348,-1.7777648278205966,0.980255958182096,4.885373463901724
349,-1.7815827547026695,0.98063951034976,4.883902423149521
350,-1.7853937994056985,0.9810223711278895,4.882436681001222
351,-1.7891979743354711,0.9814045417627801,4.880976218371549
352,-1.7929952918754117,0.9817860234984812,4.879521016243988
353,-1.7967857643866227,0.9821668175767997,4.87807105567051
354,-1.8005694042079243,0.9825469252373038,4.876626317771341
355,-1.8043462236558947,0.9829263477173273,4.875186783734711
356,-1.8081162350249103,0.983305086251974,4.87375243481661
357,-1.8118794505871858,0.9836831420741207,4.872323252340536
358,-1.815635882592814,0.9840605164144222,4.870899217697262
359,-1.819385543269806,0.9844372105013148,4.869480312344591
360,-1.8231284448241303,0.9848132255610205,4.868066517807121
361,-1.8268645994397532,0.9851885628175507,4.866657815675988
362,-1.8305940192786783,0.9855632234927107,4.865254187608632
363,-1.8343167164809857,0.9859372088061034,4.863855615328573
364,-1.8380327031648724,0.9863105199751329,4.862462080625158
365,-1.8417419914266906,0.9866831582150091,4.861073565353324
366,-1.845444593340988,0.9870551247387511,4.859690051433372
367,-1.8491405209605467,0.9874264207571918,4.858311520850716
368,-1.8528297863164227,0.9877970474789811,4.856937955655666
369,-1.8565124014179843,0.9881670061105906,4.85556933796318
370,-1.8601883782529525,0.9885362978563167,4.854205649952639
371,-1.8638577287874387,0.988904923918285,4.852846873867618
372,-1.8675204649659847,0.9892728854964544,4.851492992015638
373,-1.8711765987116007,0.9896401837886206,4.85014398676796
374,-1.8748261419258045,0.9900068199904202,4.848799840559335
375,-1.878469106488661,0.9903727952953345,4.8474605358877865
376,-1.882105504258819,0.9907381108946934,4.84612605531437
377,-1.885735347073552,0.9911027679776795,4.84479638146297
378,-1.8893586467487953,0.9914667677313316,4.843471497020046
379,-1.8929754150791847,0.9918301113405488,4.842151384734427
380,-1.896585663838095,0.9921927999880944,4.8408360274170805
381,-1.9001894047776786,0.9925548348545994,4.839525407940882
382,-1.9037866496289035,0.9929162171185668,4.838219509240405
383,-1.9073774101015915,0.9932769479563754,4.8369183143116805
384,-1.910961697884456,0.9936370285422832,4.835621806212001
385,-1.9145395246451407,0.9939964600484315,4.834329968059678
386,-1.9181109020302571,0.9943552436448486,4.833042783033826
387,-1.921675841665423,0.9947133804994541,4.831760234374152
388,-1.9252343551552993,0.9950708717780621,4.830482305380745
389,-1.9287864540836286,0.9954277186443852,4.829208979413816
390,-1.9323321500132729,0.995783922260038,4.827940239893543
391,-1.9358714544862508,0.9961394837845419,4.826676070299799
392,-1.9394043790237754,0.9964944043753274,4.825416454171981
393,-1.9429309351262918,0.9968486851877391,4.824161375108761
394,-1.946451134273514,0.9972023273750388,4.822910816767901
395,-1.9499649879244634,0.9975553320884093,4.821664762866013
396,-1.9534725075175048,0.9979077004769588,4.8204231971783695
397,-1.9569737044703848,0.9982594336877233,4.819186103538688
398,-1.9604685901802679,0.998610532865672,4.817953465838903
399,-1.9639571760237744,0.9989609991537097,4.8167252680289785
400,-1.967439473357017,0.999310833692681,4.815501494116686
401,-1.9709154935156383,0.9996600376213742,4.814282128167403
402,-1.974385247814847,1.0000086120765248,4.813067154303902
403,-1.9778487475494548,1.000356558192819,4.8118565567061395
404,-1.981306003993914,1.0007038771028982,4.810650319611066
405,-1.9847570284023532,1.0010505699373613,4.809448427312394
406,-1.9882018320086146,1.0013966378247696,4.808250864160423
407,-1.99164042602629,1.0017420818916503,4.807057614561819
408,-1.995072821648758,1.0020869032624995,4.805868662979406
409,-1.99849903004922,1.0024311030597866,4.804683993931976
410,-2.0019190623807366,1.0027746824039572,4.803503591994089
411,-2.005332929776263,1.0031176424134378,4.802327441795865
412,-2.0087406433486885,1.0034599842046386,4.801155528022781
413,-2.012142214190868,1.0038017088919569,4.7999878354154735
414,-2.0155376533756613,1.004142817587782,4.798824348769554
415,-2.0189269719559686,1.0044833114024974,4.79766505293539
416,-2.022310180964766,1.004823191444485,4.796509932817917
417,-2.0256872914151414,1.0051624588201293,4.795358973376449
418,-2.029058314300331,1.00550111463382,4.7942121596244665
419,-2.032423260593754,1.005839159987956,4.793069476629437
420,-2.03578214124905,1.0061765959829492,4.791930909512611
421,-2.0391349672001122,1.006513423717228,4.790796443448837
422,-2.0424817493611256,1.0068496442872403,4.789666063666358
423,-2.0458224986266007,1.0071852587874581,4.788539755446616
424,-2.0491572258714097,1.0075202683103803,4.787417504124084
425,-2.052485941950822,1.0078546739465364,4.786299295086055
426,-2.0558086577005397,1.0081884767844902,4.785185113772449
427,-2.059125383936731,1.008521677910843,4.784074945675637
428,-2.062436131456069,1.008854278410238,4.78296877634024
429,-2.065740911035763,1.0091862793653625,4.781866591362952
430,-2.0690397334335966,1.0095176818569527,4.780768376392353
431,-2.0723326093879604,1.0098484869637963,4.779674117128693
432,-2.0756195496178886,1.0101786957627366,4.778583799323757
433,-2.0789005648230936,1.0105083093286757,4.777497408780635
434,-2.082175665684,1.0108373287345784,4.776414931353552
435,-2.08544486286178,1.0111657550514748,4.775336352947691
436,-2.0887081669983885,1.011493589348465,4.774261659519007
437,-2.091965588716597,1.011820832692721,4.773190837074032
438,-2.095217138620028,1.0121474861494921,4.772123871669706
439,-2.09846282729319,1.0124735507821072,4.771060749413198
440,-2.1017026653015125,1.012799027651978,4.770001456461704
441,-2.1049366631913795,1.0131239178186033,4.768945979022286
442,-2.108164831490164,1.0134482223395718,4.7678943033516985
443,-2.111387180706263,1.013771942270566,4.766846415756184
444,-2.11460372132913,1.014095078665365,4.765802302591317
445,-2.117814463829311,1.0144176325758494,4.764761950261813
446,-2.121019418658478,1.0147396050520026,4.7637253452213635
447,-2.1242185962494626,1.0150609971419156,4.762692473972447
448,-2.1274120070162903,1.0153818098917904,4.761663323066167
449,-2.1305996613542137,1.0157020443459428,4.7606378791020525
450,-2.1337815696397477,1.0160217015468063,4.759616128727927
451,-2.1369577422307025,1.0163407825349353,4.758598058639682
452,-2.140128189466217,1.0166592883490084,4.757583655581143
453,-2.1432929216667933,1.016977220025832,4.756572906343876
454,-2.1464519491343292,1.0172945786003436,4.755565797767039
455,-2.149605282152153,1.017611365105615,4.754562316737174
456,-2.1527529309850553,1.0179275805728554,4.753562450188063
457,-2.155894905879325,1.018243226031416,4.7525661851005685
458,-2.159031217062779,1.0185583025087923,4.751573508502424
459,-2.1621618747448,1.0188728110306269,4.750584407468102
460,-2.165286889116365,1.0191867526207143,4.7495988691186195
461,-2.1684062703500824,1.0195001283010032,4.7486168806214
462,-2.1715200286002228,1.0198129390916004,4.747638429190077
463,-2.174628174002753,1.0201251860107736,4.746663502084346
464,-2.1777307166753683,1.0204368700749549,4.745692086609787
465,-2.180827666717527,1.0207479922987448,4.744724170117707
466,-2.1839190342104806,1.021058553694914,4.7437597400049745
467,-2.1870048292173094,1.0213685552744083,4.74279878371385
468,-2.1900850617829537,1.0216779980463508,4.74184128873183
469,-2.1931597419342466,1.0219868830180456,4.740887242591484
470,-2.1962288796799467,1.0222952111949812,4.739936632870271
471,-2.1992924850107713,1.0226029835808335,4.738989447190421
472,-2.2023505678994284,1.0229102011774691,4.7380456732187275
473,-2.205403138300649,1.023216864984949,4.737105298666416
474,-2.2084502061512206,1.0235229760015305,4.736168311288972
475,-2.2114917813700172,1.0238285352236731,4.7352346988859875
476,-2.2145278738580343,1.0241335436460386,4.734304449301007
477,-2.2175584934984194,1.0244380022614963,4.73337755042134
478,-2.220583650156505,1.024741912061126,4.732453990177953
479,-2.22360335367984,1.025045274034221,4.731533756545259
480,-2.226617613898222,1.0253480891682911,4.730616837541011
481,-2.22962644062373,1.0256503584490657,4.7297032212260985
482,-2.2326298436507557,1.025952082860498,4.728792895704427
483,-2.2356278327560353,1.026253263384767,4.7278858491227505
484,-2.238620417698681,1.0265539010022813,4.726982069670518
485,-2.2416076082202143,1.0268539966916828,4.726081545579716
486,-2.2445894140445963,1.0271535514298484,4.725184265124723
487,-2.247565844878259,1.027452566191895,4.724290216622141
488,-2.2505369104101387,1.0277510419511808,4.723399388430679
489,-2.2535026203117057,1.0280489796793102,4.7225117689509455
490,-2.256462984236997,1.028346380346136,4.721627346625359
491,-2.2594180118226475,1.0286432449197622,4.72074610993795
492,-2.26236771268792,1.0289395743665486,4.7198680474142325
493,-2.2653120964347386,1.0292353696511127,4.718993147621054
494,-2.268251172647719,1.0295306317363329,4.7181213991664395
495,-2.2711849508941993,1.029825361583352,4.71725279069945
496,-2.2741134407242716,1.0301195601515802,4.7163873109100365
497,-2.2770366516708136,1.0304132283986989,4.715524948528873
498,-2.2799545932495184,1.0307063672806624,4.714665692327246
499,-2.2828672749589267,1.0309989777517024,4.713809531116865
500,-2.2857747062804568,1.03129106076433,4.712956453749759
501,-2.288676896678436,1.0315826172693394,4.712106449118095
502,-2.2915738556001313,1.0318736482158113,4.711259506154067
503,-2.2944655924757797,1.032164154551115,4.710415613829714
504,-2.2973521167186197,1.0324541372209128,4.709574761156817
505,-2.3002334377249216,1.0327435971691619,4.708736937186723
506,-2.303109564874018,1.0330325353381178,4.707902131010218
507,-2.3059805075283335,1.0333209526683376,4.707070331757379
508,-2.3088462750334173,1.033608850098683,4.706241528597455
509,-2.3117068767179716,1.0338962285663238,4.705415710738677
510,-2.3145623218938827,1.0341830890067396,4.7045928674281745
511,-2.3174126198562517,1.0344694323537242,4.703772987951789
512,-2.3202577798834243,1.034755259539388,4.702956061633963
513,-2.3230978112370213,1.0350405714941615,4.702142077837589
514,-2.325932723161968,1.0353253691467974,4.701331025963876
515,-2.3287625248865247,1.0356096534243748,4.700522895452207
516,-2.3315872256223176,1.0358934252523015,4.699717675780003
517,-2.334406834564368,1.0361766855543169,4.698915356462592
518,-2.3372213608911214,1.0364594352524954,4.6981159270530615
519,-2.3400308137644794,1.0367416752672496,4.6973193771421275
520,-2.3428352023298276,1.0370234065173325,4.696525696358008
521,-2.3456345357160666,1.0373046299198414,4.695734874366267
522,-2.348428823035641,1.03758534639022,4.694946900869704
523,-2.35121807338457,1.0378655568422621,4.694161765608201
524,-2.354002295842475,1.0381452621881142,4.6933794583586
525,-2.356781499472612,1.0384244633382789,4.6925999689345685
526,-2.359555693321899,1.0387031612016169,4.691823287186457
527,-2.3623248864209456,1.038981356685351,4.6910494030011805
528,-2.3650890877840833,1.0392590506950687,4.690278306302078
529,-2.3678483064093947,1.039536244134725,4.68950998704879
530,-2.370602551278742,1.039812937906645,4.68874443523711
531,-2.3733518313577973,1.040089132911528,4.687981640898881
532,-2.3760961555960702,1.0403648300484494,4.687221594101834
533,-2.378835532926939,1.0406400302148637,4.6864642849494915
534,-2.381569972267678,1.0409147343066083,4.685709703581009
535,-2.3842994825194883,1.041188943217905,4.6849578401710685
536,-2.3870240725675242,1.0414626578413637,4.684208684929743
537,-2.3897437512809248,1.041735879067986,4.683462228102365
538,-2.392458527512841,1.042008607787167,4.682718459969402
539,-2.395168410100466,1.0422808448866987,4.68197737084633
540,-2.3978734078650623,1.042552591252772,4.681238951083514
541,-2.4005735296119917,1.0428238477699816,4.680503191066069
542,-2.4032687841307427,1.0430946153213267,4.679770081213746
543,-2.405959180194961,1.0433648947882153,4.6790396119808015
544,-2.408644726562476,1.043634687050466,4.678311773855884
545,-2.4113254319753312,1.0439039929863123,4.677586557361885
546,-2.414001305159811,1.0441728134724042,4.67686395305585
547,-2.41667235482647,1.044441149383811,4.676143951528825
548,-2.419338589670162,1.0447090015940252,4.675426543405747
549,-2.4220000183700656,1.0449763709749644,4.674711719345328
550,-2.4246566495897164,1.045243258396975,4.673999470039923
551,-2.4273084919770316,1.045509664728834,4.673289786215415
552,-2.4299555541643407,1.0457755908377522,4.672582658631085
553,-2.4325978447684125,1.0460410375893778,4.671878078079504
554,-2.4352353723904825,1.0463060058477982,4.671176035386414
555,-2.4378681456162825,1.046570496475543,4.670476521410587
556,-2.4404961730160672,1.0468345103335874,4.669779527043732
557,-2.443119463144643,1.0470980482813548,4.669085043210368
558,-2.4457380245413947,1.0473611111767187,4.668393060867687
559,-2.4483518657303147,1.0476236998760067,4.667703571005474
560,-2.45096099522003,1.0478858152340025,4.667016564645956
561,-2.4535654215038303,1.0481474581039494,4.6663320328437
562,-2.456165153059694,1.0484086293375523,4.665649966685487
563,-2.458760198350319,1.0486693297849807,4.664970357290216
564,-2.461350565823147,1.048929560294872,4.664293195808769
565,-2.4639362639103926,1.0491893217143338,4.663618473423901
566,-2.466517301029071,1.0494486148889461,4.662946181350124
567,-2.469093685581025,1.0497074406627656,4.662276310833598
568,-2.471665425952951,1.0499657998783265,4.661608853152019
569,-2.474232530516429,1.0502236933766451,4.660943799614485
570,-2.4767950076279486,1.0504811219972212,4.660281141561419
571,-2.4793528656289343,1.0507380865780418,4.6596208703644155
572,-2.4819061128457762,1.0509945879555826,4.6589629774261585
573,-2.4844547575898543,1.0512506269648123,4.658307454180304
574,-2.4869988081575665,1.0515062044391936,4.657654292091348
575,-2.489538272830356,1.0517613212106878,4.657003482654544
576,-2.4920731598747383,1.0520159781097556,4.6563550173957715
577,-2.4946034775423267,1.0522701759653612,4.655708887871438
578,-2.497129234069861,1.0525239156049746,4.655065085668369
579,-2.4996504376792332,1.052777197854574,4.654423602403677
580,-2.5021670965775145,1.0530300235386487,4.653784429724685
581,-2.504679218956982,1.0532823934802016,4.6531475593088025
582,-2.507186812995146,1.0535343085007525,4.6525129828634
583,-2.509689886854775,1.05378576942034,4.651880692125732
584,-2.512188448683924,1.0540367770575247,4.651250678862817
585,-2.514682506615961,1.0542873322293915,4.650622934871315
586,-2.5171720687695913,1.0545374357515525,4.649997451977443
587,-2.5196571432488866,1.0547870884381496,4.64937422203686
588,-2.52213773814331,1.055036291101857,4.648753236934553
589,-2.524613861527742,1.0552850445538842,4.648134488584752
590,-2.5270855214625088,1.055533349603978,4.6475179689308
591,-2.529552725993405,1.0557812070604262,4.646903669945062
592,-2.532015483151724,1.0560286177300593,4.646291583628818
593,-2.53447380095428,1.056275582418253,4.645681702012166
594,-2.5369276874034377,1.056522101928932,4.645074017153898
595,-2.5393771504871365,1.0567681770645707,4.644468521141422
596,-2.541822198178916,1.0570138086261986,4.643865206090639
597,-2.5442628384379438,1.0572589974134,4.643264064145855
598,-2.546699079209039,1.0575037442243178,4.642665087479663
599,-2.549130928422701,1.057748049855657,4.642068268292857
600,-2.5515583939951316,1.0579919151026862,4.6414735988143185
601,-2.5539814838282653,1.05823534075924,4.640881071300923
602,-2.556400205809791,1.0584783276177225,4.640290678037439
603,-2.55881456781318,1.0587208764691094,4.639702411336421
604,-2.5612245776977107,1.0589629881029503,4.639116263538107
605,-2.563630243308494,1.0592046633073717,4.638532227010339
606,-2.5660315724765,1.0594459028690797,4.637950294148439
607,-2.5684285730185823,1.0596867075733616,4.637370457375127
608,-2.570821252737504,1.0599270782040897,4.636792709140405
609,-2.573209619421962,1.0601670155437235,4.636217041921486
610,-2.575593680846615,1.0604065203733115,4.63564344822267
611,-2.5779734447721063,1.0606455934724945,4.635071920575256
612,-2.58034891894509,1.0608842356195078,4.634502451537443
613,-2.582720111098256,1.0611224475911842,4.633935033694242
614,-2.585087028950355,1.0613602301629559,4.633369659657367
615,-2.5874496802062246,1.0615975841088572,4.632806322065147
616,-2.589808072556813,1.0618345102015276,4.632245013582419
617,-2.5921622136792055,1.0620710092122134,4.631685726900461
618,-2.594512111236648,1.0623070819107707,4.631128454736849
619,-2.5968577728785727,1.0625427290656682,4.630573189835416
620,-2.5991992062406233,1.0627779514439888,4.630019924966111
621,-2.6015364189446797,1.0630127498114332,4.629468652924938
622,-2.603869418598882,1.0632471249323217,4.62891936653384
623,-2.606198212797657,1.0634810775695966,4.6283720586406325
624,-2.6085228091217405,1.0637146084848252,4.627826722118865
625,-2.610843215138204,1.0639477184382018,4.6272833498677794
626,-2.6131594384004786,1.0641804081885506,4.626741934812183
627,-2.6154714864483792,1.0644126784933277,4.626202469902377
628,-2.61777936680813,1.064644530108624,4.625664948114038
629,-2.6200830869923886,1.0648759637891674,4.625129362448163
630,-2.622382654500269,1.0651069802883253,4.62459570593095
631,-2.624678076817369,1.0653375803581073,4.6240639716137135
632,-2.6269693614157923,1.065567764749167,4.623534152572802
633,-2.629256515754173,1.0657975342108053,4.623006241909501
634,-2.6315395472777006,1.0660268894909721,4.622480232749947
635,-2.633818463418144,1.0662558313362696,4.621956118245025
636,-2.6360932715938756,1.0664843604919532,4.621433891570306
637,-2.6383639792098954,1.0667124777019357,4.620913545925932
638,-2.640630593657855,1.0669401837087886,4.620395074536542
639,-2.6428931223160825,1.0671674792537453,4.619878470651172
640,-2.645151572549605,1.0673943650767024,4.6193637275431865
641,-2.647405951710174,1.067620841916223,4.618850838510171
642,-2.649656267136288,1.0678469105095392,4.6183397968738555
643,-2.6519025261532185,1.0680725715925536,4.617830595980021
644,-2.6541447360730315,1.068297825899843,4.617323229198419
645,-2.6563829041946128,1.0685226741646592,4.6168176899226845
646,-2.6586170378036904,1.0687471171189327,4.61631397157025
647,-2.6608471441728603,1.0689711554932748,4.615812067582251
648,-2.663073230561608,1.0691947900169796,4.615311971423452
649,-2.6652953042163334,1.0694180214180262,4.614813676582156
650,-2.667513372370374,1.0696408504230823,4.614317176570124
651,-2.669727442244029,1.069863277757505,4.613822464922478
652,-2.6719375210445815,1.070085304145344,4.61332953519764
653,-2.6741436159663237,1.0703069303093442,4.612838380977224
654,-2.6763457341905785,1.0705281569709473,4.612348995865971
655,-2.678543882885724,1.0707489848502947,4.611861373491644
656,-2.680738069207217,1.0709694146662294,4.611375507504967
657,-2.682928300297616,1.071189447136299,4.6108913915795355
658,-2.685114583286604,1.0714090829767575,4.6104090194117315
659,-2.6872969252910113,1.0716283229025678,4.609928384720636
660,-2.689475333414841,1.0718471676274042,4.609449481247961
661,-2.6916498147492893,1.0720656178636538,4.608972302757962
662,-2.693820376372771,1.0722836743224204,4.608496843037342
663,-2.69598702535094,1.0725013377135257,4.608023095895197
664,-2.698149768736715,1.0727186087455118,4.60755105516292
665,-2.7003086135703005,1.0729354881256434,4.60708071469412
666,-2.7024635668792096,1.0731519765599107,4.606612068364548
667,-2.7046146356782894,1.0733680747530312,4.6061451100720054
668,-2.7067618269697404,1.0735837834084516,4.605679833736284
669,-2.708905147743142,1.0737991032283511,4.605216233299076
670,-2.7110446049754735,1.0740140349136431,4.60475430272389
671,-2.7131802056311383,1.0742285791639774,4.604294035995975
672,-2.715311956661985,1.0744427366777425,4.603835427122255
673,-2.7174398650073317,1.074656508152068,4.603378470131233
674,-2.719563937593987,1.0748698942828274,4.602923159072921
675,-2.7216841813362733,1.075082895764639,4.602469488018765
676,-2.7238006031360498,1.0752955132908697,4.602017451061565
677,-2.7259132098827337,1.075507747553636,4.601567042315395
678,-2.728022008453324,1.0757195992438071,4.601118255915541
679,-2.730127005712423,1.0759310690510069,4.6006710860184
680,-2.7322282085122587,1.0761421576636157,4.60022552680142
681,-2.734325623692708,1.0763528657687735,4.599781572463033
682,-2.7364192580813174,1.0765631940523814,4.5993392172225445
683,-2.7385091184933263,1.0767731431991043,4.598898455320108
684,-2.74059521173169,1.0769827138923727,4.598459281016607
685,-2.742677544587099,1.0771919068143851,4.598021688593604
686,-2.7447561238380045,1.0774007226461104,4.597585672353254
687,-2.746830956250638,1.07760916206729,4.597151226618242
688,-2.7489020485790343,1.07781722575644,4.596718345731696
689,-2.750969407565054,1.0780249143908534,4.596287024057118
690,-2.7530330399384044,1.0782322286466022,4.5958572559783235
691,-2.755092952416662,1.0784391691985398,4.59542903589935
692,-2.7571491517052937,1.0786457367203033,4.595002358244383
693,-2.75920164449768,1.0788519318843153,4.594577217457711
694,-2.7612504374751357,1.0790577553617862,4.594153608003616
695,-2.7632955373069312,1.079263207822717,4.593731524366331
696,-2.7653369506503163,1.0794682899358998,4.593310961049949
697,-2.7673746841505387,1.0796730023689225,4.59289191257836
698,-2.769408744440869,1.079877345788169,4.592474373495181
699,-2.771439138142619,1.0800813208588218,4.592058338363686
700,-2.773465871865167,1.0802849282448646,4.591643801766726
701,-2.775488952205976,1.080488168609084,4.591230758306666
702,-2.7775083857506164,1.0806910426130723,4.590819202605312
703,-2.7795241790727876,1.0808935509172286,4.5904091293038425
704,-2.7815363387343397,1.0810956941807621,4.590000533062744
705,-2.783544871285294,1.0812974730616935,4.589593408561723
706,-2.7855497832638654,1.0814988882168572,4.589187750499662
707,-2.787551081196482,1.081699940301904,4.588783553594527
708,-2.7895487715978082,1.0819006299713023,4.588380812583322
709,-2.7915428609707647,1.0821009578783414,4.587979522221998
710,-2.79353335580655,1.0823009246751323,4.587579677285392
711,-2.7955202625846622,1.0825005310126108,4.58718127256718
712,-2.7975035877729186,1.0826997775405394,4.586784302879762
713,-2.7994833378274784,1.0828986649075094,4.586388763054256
714,-2.801459519192863,1.0830971937609428,4.585994647940378
715,-2.8034321383019756,1.0832953647470946,4.585601952406393
716,-2.8054012015761254,1.0834931785110549,4.585210671339058
717,-2.8073667154250455,1.0836906356967508,4.584820799643549
718,-2.8093286862469147,1.083887736946949,4.584432332243386
719,-2.811287120428379,1.0840844829032572,4.584045264080382
720,-2.813242024344571,1.0842808742061267,4.583659590114559
721,-2.815193404359133,1.0844769114948543,4.58327530532411
722,-2.817141266824235,1.0846725954075842,4.582892404705296
723,-2.8190856180805968,1.084867926581311,4.582510883272416
724,-2.8210264644575087,1.0850629056518801,4.582130736057724
725,-2.8229638122728518,1.0852575332539915,4.581751958111355
726,-2.8248976678331186,1.0854518100212005,4.581374544501292
727,-2.8268280374334336,1.0856457365859207,4.580998490313271
728,-2.8287549273575734,1.0858393135794258,4.580623790650736
729,-2.8306783438779877,1.0860325416318515,4.580250440634761
730,-2.8325982932558196,1.0862254213721971,4.579878435403997
731,-2.834514781740926,1.0864179534283287,4.579507770114605
732,-2.8364278155718976,1.0866101384269806,4.5791384399401975
733,-2.8383374009760796,1.086801976993757,4.5787704400717635
734,-2.8402435441695912,1.0869934697531343,4.578403765717619
735,-2.8421462513573474,1.087184617328464,4.5780384121033375
736,-2.844045528733078,1.087375420341973,4.577674374471691
737,-2.8459413824793476,1.0875658794147673,4.577311648082582
738,-2.8478338187675765,1.0877559951668327,4.576950228212994
739,-2.84972284375806,1.087945768217038,4.57659011015692
740,-2.8516084635999897,1.088135199183136,4.576231289225309
741,-2.8534906844314714,1.0883242886817661,4.5758737607459805
742,-2.8553695123795473,1.088513037328456,4.575517520063603
743,-2.8572449535602154,1.088701445737624,4.575162562539602
744,-2.859117014078448,1.0888895145225812,4.574808883552121
745,-2.860985700028213,1.0890772442955325,4.574456478495941
746,-2.8628510174924937,1.0892646356675795,4.574105342782439
747,-2.864712972543308,1.0894516892487223,4.573755471839512
748,-2.866571571241728,1.0896384056478612,4.573406861111527
749,-2.868426819637901,1.0898247854727994,4.573059506059269
750,-2.8702787237710674,1.090010829330244,4.572713402159868
751,-2.872127289669582,1.0901965378258085,4.572368544906732
752,-2.8739725233509326,1.090381911564015,4.5720249298095235
753,-2.8758144308217597,1.0905669511482956,4.57168255239407
754,-2.877653018077877,1.0907516571809948,4.571341408202299
755,-2.879488291104289,1.0909360302633713,4.57100149279223
756,-2.8813202558752127,1.0911200709956,4.570662801737848
757,-2.8831489183540957,1.0913037799767737,4.570325330629095
758,-2.8849742844936355,1.0914871578049057,4.569989075071802
759,-2.8867963602357998,1.091670205076931,4.569654030687622
760,-2.8886151515118454,1.0918529223887086,4.569320193113978
761,-2.890430664242337,1.0920353103350233,4.568987558004013
762,-2.892242904337167,1.0922173695095885,4.568656121026516
763,-2.8940518776955746,1.0923991005050462,4.568325877865882
764,-2.8958575902061656,1.0925805039129708,4.567996824222056
765,-2.8976600477469305,1.0927615803238704,4.567668955810469
766,-2.8994592561852643,1.0929423303271886,4.567342268361973
767,-2.9012552213779856,1.0931227545113058,4.567016757622818
768,-2.9030479491713552,1.0933028534635427,4.566692419354561
769,-2.904837445401096,1.093482627770161,4.566369249334025
770,-2.906623715892411,1.0936620780163653,4.56604724335326
771,-2.9084067664600024,1.0938412047863058,4.565726397219449
772,-2.9101866029080914,1.0940200086630791,4.565406706754897
773,-2.9119632310304366,1.0941984902287314,4.56508816779695
774,-2.9137366566103524,1.0943766500642593,4.564770776197948
775,-2.9155068854207284,1.0945544887496121,4.56445452782517
776,-2.917273923224048,1.094732006863694,4.564139418560776
777,-2.9190377757724075,1.0949092049843652,4.5638254443017745
778,-2.920798448807534,1.0950860836884444,4.563512600959931
779,-2.922555948060804,1.0952626435517108,4.563200884461747
780,-2.9243102792532647,1.0954388851489054,4.562890290748408
781,-2.9260614480956484,1.0956148090537334,4.5625808157756955
782,-2.9278094602883944,1.0957904158388658,4.562272455513971
783,-2.929554321521666,1.0959657060759411,4.561965205948124
784,-2.93129603747537,1.0961406803355676,4.5616590630774745
785,-2.933034613819174,1.0963153391873246,4.561354022915784
786,-2.9347700562125256,1.0964896831997655,4.561050081491149
787,-2.936502370304671,1.096663712940418,4.560747234845988
788,-2.9382315617346726,1.0968374289757872,4.560445479036964
789,-2.939957636131428,1.097010831871357,4.560144810134948
790,-2.9416805991136887,1.0971839221915918,4.559845224224966
791,-2.9434004562900773,1.0973567004999385,4.559546717406145
792,-2.9451172132591066,1.0975291673588288,4.559249285791658
793,-2.9468308756091974,1.0977013233296797,4.558952925508681
794,-2.948541448918697,1.0978731689728973,4.558657632698342
795,-2.9502489387558963,1.0980447048478763,4.558363403515663
796,-2.9519533506790503,1.0982159315130038,4.558070234129524
797,-2.953654690236394,1.0983868495256603,4.557778120722592
798,-2.955352962966161,1.0985574594422216,4.557487059491294
799,-2.957048174396602,1.09872776181806,4.557197046645755
800,-2.9587403300460022,1.0988977572075473,4.556908078409752
801,-2.9604294354226997,1.0990674461640562,4.556620151020654
802,-2.9621154960251035,1.0992368292399608,4.5563332607293985
803,-2.963798517341711,1.0994059069866409,4.5560474038004175
804,-2.965478504851126,1.0995746799544812,4.555762576511593
805,-2.9671554640220763,1.0997431486928748,4.555478775154231
806,-2.968829400313433,1.0999113137502248,4.555195996032978
807,-2.9705003191742256,1.100079175673945,4.554914235465802
808,-2.972168226043662,1.100246735010463,4.554633489783928
809,-2.973833126351145,1.100413992305221,4.554353755331797
810,-2.9754950255162913,1.1005809481026785,4.554075028467021
811,-2.977153928948947,1.1007476029463132,4.553797305560327
812,-2.978809842049207,1.100913957378623,4.553520582995513
813,-2.9804627702074318,1.1010800119411286,4.553244857169412
814,-2.9821127188042658,1.1012457671743734,4.552970124491822
815,-2.983759693210654,1.1014112236179276,4.552696381385484
816,-2.985403698787859,1.1015763818103879,4.5524236242860185
817,-2.9870447408874803,1.1017412422893806,4.552151849641882
818,-2.9886828248514705,1.101905805591563,4.5518810539143315
819,-2.9903179560121522,1.1020700722526242,4.551611233577364
820,-2.9919501396922366,1.1022340428072888,4.551342385117678
821,-2.9935793812048392,1.1023977177893167,4.551074505034633
822,-2.9952056858534997,1.102561097731506,4.550807589840179
823,-2.996829058932196,1.1027241831656942,4.5505416360588615
824,-2.9984495057253646,1.10288697462276,4.55027664022771
825,-3.000067031507915,1.1030494726326259,4.550012598896253
826,-3.001681641545249,1.1032116777242582,4.549749508626434
827,-3.0032933410932765,1.10337359042567,4.549487365992585
828,-3.0049021353984338,1.1035352112639227,4.549226167581371
829,-3.006508029697699,1.103696540765128,4.548965909991763
830,-3.008111029218611,1.1038575794544485,4.548706589834976
831,-3.0097111391792852,1.1040183278561004,4.548448203734425
832,-3.0113083647884307,1.1041787864933554,4.5481907483256965
833,-3.0129027112453675,1.1043389558885413,4.547934220256497
834,-3.014494183740043,1.1044988365630448,4.547678616186597
835,-3.0160827874530503,1.1046584290373125,4.547423932787805
836,-3.0176685275556423,1.104817733830853,4.5471701667439195
837,-3.019251409209752,1.1049767514622382,4.546917314750678
838,-3.020831437568006,1.1051354824491055,4.546665373515725
839,-3.022408617773744,1.1052939273081595,4.546414339758558
840,-3.023982954961034,1.1054520865551725,4.546164210210501
841,-3.0255544542546886,1.1056099607049876,4.545914981614642
842,-3.0271231207702836,1.10576755027152,4.545666650725799
843,-3.0286889596141724,1.1059248557677583,4.545419214310492
844,-3.0302519758835045,1.1060818777057666,4.545172669146868
845,-3.0318121746662405,1.1062386165966855,4.544927012024697
846,-3.0333695610411704,1.1063950729507346,4.544682239745305
847,-3.034924140077929,1.1065512472772134,4.544438349121538
848,-3.036475916837012,1.106707140084504,4.5441953369777215
849,-3.038024896369793,1.106862751880072,4.543953200149625
850,-3.0395710837185415,1.1070180831704672,4.543711935484407
851,-3.0411144839164357,1.1071731344613276,4.543471539840589
852,-3.0426551019875827,1.1073279062573789,4.543232010088011
853,-3.0441929429470327,1.1074823990624372,4.542993343107777
854,-3.045728011800795,1.1076366133794109,4.542755535792233
855,-3.0472603135458565,1.107790549710301,4.542518585044915
856,-3.048789853170195,1.1079442085562046,4.542282487780516
857,-3.0503166356527984,1.1080975904173147,4.542047240924835
858,-3.0518406659636788,1.1082506957929228,4.541812841414761
859,-3.053361949063889,1.1084035251814206,4.541579286198187
860,-3.05488048990554,1.1085560790803013,4.541346572234026
861,-3.056396293431815,1.1087083579861612,4.541114696492134
862,-3.0579093645769877,1.108860362394702,4.540883655953284
863,-3.0594197082664367,1.109012092800731,4.540653447609124
864,-3.0609273294166623,1.109163549698164,4.540424068462133
865,-3.0624322329353024,1.1093147335800269,4.54019551552559
866,-3.0639344237211485,1.109465644938456,4.539967785823541
867,-3.065433906664161,1.1096162842647008,4.539740876390731
868,-3.066930686645487,1.1097666520491256,4.539514784272603
869,-3.0684247685374726,1.1099167487812107,4.539289506525237
870,-3.069916157203683,1.1100665749495537,4.53906504021532
871,-3.071404857498916,1.1102161310418717,4.538841382420098
872,-3.0728908742692176,1.1103654175450026,4.5386185302273425
873,-3.0743742123518984,1.110514434944907,4.538396480735328
874,-3.07585487657555,1.1106631837266687,4.538175231052766
875,-3.0773328717600594,1.1108116643744983,4.537954778298799
876,-3.0788082027166253,1.1109598773717324,4.537735119602924
877,-3.080280874247774,1.1111078232008371,4.5375162521049965
878,-3.081750891147374,1.1112555023434083,4.537298172955166
879,-3.0832182582006538,1.1114029152801743,4.537080879313846
880,-3.084682980184215,1.1115500624909966,4.536864368351685
881,-3.0861450618660493,1.1116969444548714,4.536648637249518
882,-3.0876045080055534,1.111843561649932,4.536433683198327
883,-3.0890613233535453,1.1119899145534495,4.536219503399224
884,-3.0905155126522783,1.1121360036418346,4.536006095063397
885,-3.091967080635458,1.1122818293906394,4.535793455412083
886,-3.0934160320282573,1.112427392274559,4.53558158167652
887,-3.0948623715473302,1.112572692767432,4.535370471097925
888,-3.09630610390083,1.1127177313422438,4.53516012092745
889,-3.097747233788422,1.1128625084711268,4.534950528426153
890,-3.099185765901301,1.113007024625362,4.534741690864949
891,-3.1006217049222045,1.1131512802753818,4.534533605524582
892,-3.102055055525429,1.1132952758907695,4.5343262696956135
893,-3.103485822376846,1.1134390119402626,4.534119680678329
894,-3.104914010133915,1.1135824888917536,4.533913835782763
895,-3.106339623445701,1.1137257072122915,4.533708732328635
896,-3.1077626669528886,1.113868667368083,4.533504367645308
897,-3.1091831452877967,1.1140113698244951,4.533300739071781
898,-3.110601063074394,1.1141538150460557,4.533097843956626
899,-3.1120164249283144,1.114296003496455,4.53289567965796
900,-3.113429235456871,1.114437935638548,4.532694243543437
901,-3.1148394992590727,1.1145796119343547,4.532493532990173
902,-3.1162472209256373,1.1147210328450625,4.532293545384733
903,-3.1176524050390086,1.1148621988310277,4.532094278123113
904,-3.119055056173369,1.1150031103517763,4.5318957286106665
905,-3.1204551788946557,1.1151437678660068,4.531697894262109
906,-3.1218527777605756,1.1152841718315896,4.531500772501459
907,-3.12324785732062,1.1154243227055707,4.531304360762016
908,-3.124640422116079,1.115564220944172,4.531108656486321
909,-3.126030476680057,1.1157038670027932,4.530913657126132
910,-3.1274180255374864,1.1158432613360127,4.530719360142385
911,-3.1288030732051437,1.1159824043975894,4.530525763005162
912,-3.130185624191663,1.116121296640465,4.530332863193652
913,-3.131565682997551,1.1162599385167638,4.5301406581961325
914,-3.1329432541152027,1.1163983304777958,4.5299491455099234
915,-3.134318342028914,1.116536472974057,4.529758322641358
916,-3.1356909512148983,1.1166743664552319,4.529568187105755
917,-3.1370610861412995,1.1168120113701938,4.529378736427375
918,-3.138428751268208,1.116949408167007,4.529189968139409
919,-3.139793951047673,1.1170865572929285,4.5290018797839195
920,-3.141156689923721,1.1172234591944088,4.5288144689118335
921,-3.142516972332365,1.1173601143170935,4.528627733082891
922,-3.1438748027016237,1.1174965231058251,4.5284416698656305
923,-3.1452301854515325,1.1176326860046442,4.528256276837342
924,-3.14658312499416,1.1177686034567906,4.528071551584039
925,-3.147933625733622,1.117904275904706,4.5278874917004455
926,-3.149281692066094,1.1180397037900336,4.527704094789921
927,-3.1506273283798283,1.118174887553621,4.527521358464492
928,-3.1519705390551667,1.1183098276355212,4.527339280344755
929,-3.153311328464554,1.1184445244749937,4.527157858059903
930,-3.154649700972555,1.1185789785105058,4.526977089247652
931,-3.155985660935866,1.1187131901797356,4.526796971554224
932,-3.1573192127033294,1.1188471599195713,4.5266175026343385
933,-3.1586503606159493,1.1189808881661139,4.526438680151145
934,-3.1599791090069043,1.119114375354678,4.526260501776217
935,-3.1613054622015624,1.1192476219197935,4.526082965189514
936,-3.162629424517494,1.119380628295208,4.5259060680793475
937,-3.1639510002644875,1.1195133949138856,4.525729808142366
938,-3.1652701937445618,1.1196459222080113,4.525554183083503
939,-3.1665870092519817,1.1197782106089904,4.5253791906159675
940,-3.1679014510732704,1.1199102605474507,4.525204828461203
941,-3.1692135234872247,1.1200420724532436,4.525031094348856
942,-3.1705232307649283,1.1201736467554462,4.524857986016757
943,-3.171830577169766,1.1203049838823613,4.5246855012108815
944,-3.1731355669574373,1.1204360842615202,4.5245136376853194
945,-3.1744382043759707,1.1205669483196834,4.524342393202259
946,-3.1757384936657367,1.1206975764828424,4.524171765531946
947,-3.1770364390594623,1.1208279691762202,4.524001752452652
948,-3.178332044782245,1.1209581268242739,4.523832351750659
949,-3.179625315051566,1.121088049850695,4.523663561220221
950,-3.1809162540773035,1.1212177386784117,4.523495378663532
951,-3.1822048660617477,1.1213471937295894,4.523327801890704
952,-3.1834911551996132,1.1214764154256327,4.5231608287197425
953,-3.184775125678054,1.1216054041871868,4.52299445697651
954,-3.1860567816766756,1.1217341604341384,4.522828684494694
955,-3.1873361273675496,1.1218626845856172,4.522663509115792
956,-3.1886131669152276,1.1219909770599976,4.52249892868907
957,-3.189887904476753,1.1221190382748998,4.522334941071547
958,-3.191160344201677,1.1222468686471911,4.52217154412796
959,-3.19243049023207,1.1223744685929875,4.522008735730738
960,-3.193698346702536,1.1225018385276548,4.521846513759958
961,-3.194963917740226,1.1226289788658101,4.521684876103358
962,-3.1962272074648523,1.1227558900213233,4.521523820656273
963,-3.1974882199887,1.1228825724073177,4.521363345321613
964,-3.1987469594166416,1.1230090264361725,4.5212034480098495
965,-3.20000342984615,1.1231352525195233,4.521044126638972
966,-3.2012576353673126,1.1232612510682636,4.52088537913448
967,-3.2025095800628436,1.1233870224925466,4.520727203429336
968,-3.203759268008098,1.1235125672017858,4.520569597463955
969,-3.2050067032710845,1.1236378856046567,4.520412559186166
970,-3.2062518899124783,1.123762978109098,4.520256086551189
971,-3.207494831985636,1.1238878451223138,4.520100177521615
972,-3.2087355335366063,1.1240124870507733,4.519944830067371
973,-3.2099739986041453,1.1241369043002134,4.519790042165689
974,-3.2112102312197286,1.1242610972756395,4.5196358118010975
975,-3.212444235407565,1.124385066381327,4.519482136965379
976,-3.213676015184609,1.1245088120208229,4.519329015657547
977,-3.214905574560574,1.124632334596946,4.519176445883832
978,-3.216132917537946,1.1247556345117895,4.519024425657635
979,-3.2173580481119957,1.1248787121667216,4.518872952999522
980,-3.218580970270792,1.1250015679623875,4.518722025937185
981,-3.219801687995215,1.1251242022987094,4.518571642505414
982,-3.221020205258969,1.125246615574889,4.518421800746086
983,-3.2222365260285954,1.1253688081894087,4.518272498708123
984,-3.223450654263485,1.1254907805400318,4.518123734447491
985,-3.2246625939158915,1.1256125330238056,4.517975506027141
986,-3.2258723489309453,1.1257340660370607,4.517827811517001
987,-3.227079923246664,1.125855379975414,4.517680648993969
988,-3.228285320793967,1.125976475233769,4.517534016541851
989,-3.2294885454966886,1.1260973522063173,4.517387912251361
990,-3.230689601271589,1.12621801128654,4.517242334220096
991,-3.2318884920283684,1.126338452867209,4.517097280552499
992,-3.2330852216696795,1.1264586773403877,4.516952749359838
993,-3.23427979409114,1.1265786850974338,4.5168087387601945
994,-3.235472213181345,1.1266984765289985,4.516665246878423
995,-3.236662482821881,1.126818052025029,4.516522271846126
996,-3.2378506068873367,1.12693741197477,4.516379811801643
997,-3.2390365892453166,1.1270565567667645,4.516237864890021
998,-3.2402204337564537,1.1271754867888548,4.516096429262984
999,-3.241402144274422,1.1272942024281842,4.515955503078914
1000,-3.242581724645949,1.1274127040711983,4.515815084502823
1001,-3.2437591787108273,1.1275309921036458,4.5156751717063415
1002,-3.2449345103019285,1.1276490669105803,4.515535762867677
1003,-3.2461077232452147,1.1277669288763612,4.5153968561716065
1004,-3.247278821359752,1.1278845783846552,4.515258449809438
1005,-3.2484478084577217,1.1280020158184372,4.515120541978997
1006,-3.2496146883444332,1.1281192415599917,4.514983130884609
1007,-3.2507794648183372,1.1282362559909143,4.514846214737051
1008,-3.251942141671037,1.1283530594921127,4.514709791753551
1009,-3.2531027226873,1.128469652443808,4.514573860157763
1010,-3.254261211645073,1.1285860352255357,4.5144384181797435
1011,-3.2554176123154916,1.1287022082161475,4.514303464055913
1012,-3.2565719284628942,1.1288181717938117,4.514168996029046
1013,-3.257724163844833,1.1289339263360154,4.514035012348255
1014,-3.258874322212087,1.1290494722195652,4.5139015112689425
1015,-3.260022407308674,1.129164809820588,4.513768491052823
1016,-3.261168422871864,1.1292799395145332,4.513635949967841
1017,-3.2623123726321883,1.1293948616761733,4.513503886288199
1018,-3.263454260313455,1.1295095766796048,4.513372298294308
1019,-3.264594089632759,1.1296240848982508,4.513241184272778
1020,-3.2657318643004953,1.12973838670486,4.513110542516388
1021,-3.2668675880203697,1.1298524824715106,4.5129803713240655
1022,-3.2680012644894125,1.1299663725696087,4.51285066900086
1023,-3.2691328973979896,1.1300800573698921,4.512721433857946
1024,-3.2702624904298143,1.1301935372424294,4.512592664212555
1025,-3.27139004726196,1.130306812556623,4.512464358387999
1026,-3.2725155715648717,1.130419883681208,4.5123365147136125
1027,-3.2736390670023785,1.1305327509842567,4.5122091315247665
1028,-3.274760537231704,1.1306454148331766,4.512082207162821
1029,-3.275879985903481,1.130757875594713,4.511955739975094
1030,-3.2769974166617595,1.1308701336349507,4.511829728314878
1031,-3.278112833144023,1.1309821893193142,4.5117041705413925
1032,-3.279226238981196,1.1310940430125693,4.5115790650197685
1033,-3.28033763779766,1.1312056950788243,4.511454410121006
1034,-3.2814470332112613,1.1313171458815312,4.511330204221995
1035,-3.282554428833326,1.131428395783487,4.511206445705468
1036,-3.2836598282686698,1.1315394451468344,4.511083132959974
1037,-3.2847632351156104,1.1316502943330633,4.510960264379872
1038,-3.2858646529659796,1.1317609437030123,4.5108378383653065
1039,-3.2869640854051343,1.1318713936168696,4.5107158533221785
1040,-3.2880615360119685,1.1319816444341735,4.51059430766214
1041,-3.2891570083589245,1.132091696513815,4.510473199802552
1042,-3.2902505060120055,1.1322015502140375,4.510352528166486
1043,-3.2913420325307867,1.1323112058924392,4.510232291182689
1044,-3.2924315914684263,1.132420663905973,4.510112487285568
1045,-3.293519186371678,1.1325299246109493,4.50999311491517
1046,-3.2946048207809016,1.132638988363035,4.509874172517161
1047,-3.2956884982300756,1.1327478555172572,4.509755658542808
1048,-3.296770222246808,1.132856526428002,4.50963757144895
1049,-3.297849996352348,1.1329650014490171,4.509519909697989
1050,-3.2989278240615976,1.1330732809334128,4.509402671757868
1051,-3.3000037088831222,1.1331813652336624,4.50928585610204
1052,-3.3010776543191636,1.133289254701604,4.509169461209461
1053,-3.3021496638656496,1.1333969496884415,4.509053485564568
1054,-3.3032197410122066,1.1335044505447456,4.508937927657258
1055,-3.304287889242171,1.1336117576204556,4.508822785982858
1056,-3.305354112032599,1.1337188712648791,4.508708059042124
1057,-3.306418412854281,1.133825791826695,4.508593745341217
1058,-3.307480795171749,1.1339325196539527,4.508479843391655
1059,-3.3085412624432906,1.134039055094075,4.508366351710348
1060,-3.3095998181209603,1.1341453984938583,4.508253268819524
1061,-3.3106564656505886,1.1342515501994734,4.5081405932467495
1062,-3.3117112084717952,1.1343575105564676,4.508028323524885
1063,-3.312764050018,1.134463279909765,4.507916458192075
1064,-3.313814993716433,1.1345688586036682,4.507804995791744
1065,-3.314864042988147,1.134674246981859,4.507693934872545
1066,-3.3159112012480274,1.1347794453873994,4.507583273988366
1067,-3.3169564719048044,1.1348844541627336,4.507473011698308
1068,-3.317999858361063,1.1349892736496885,4.507363146566657
1069,-3.319041364013256,1.1350939041894739,4.507253677162868
1070,-3.3200809922517123,1.1351983461226856,4.507144602061551
1071,-3.32111874646065,1.135302599789305,4.507035919842458
1072,-3.3221546300181872,1.1354066655287005,4.506927629090446
1073,-3.3231886462963525,1.1355105436796291,4.50681972839547
1074,-3.3242207986610954,1.135614234580237,4.5067122163525735
1075,-3.3252510904722987,1.1357177385680606,4.506605091561854
1076,-3.3262795250837884,1.1358210559800284,4.506498352628444
1077,-3.327306105843345,1.1359241871524608,4.506391998162514
1078,-3.328330836092714,1.136027132421073,4.506286026779231
1079,-3.3293537191676177,1.1361298921209741,4.506180437098757
1080,-3.330374758397765,1.1362324665866697,4.506075227746219
1081,-3.3313939571068625,1.1363348561520619,4.505970397351695
1082,-3.332411318612626,1.1364370611504513,4.505865944550205
1083,-3.33342684622679,1.1365390819145378,4.505761867981676
1084,-3.3344405432551207,1.1366409187764213,4.5056581662909405
1085,-3.335452412997424,1.1367425720676032,4.505554838127715
1086,-3.336462458747558,1.136844042118987,4.505451882146565
1087,-3.337470683793444,1.1369453292608802,4.505349297006919
1088,-3.338477091417075,1.1370464338229949,4.505247081373026
1089,-3.339481684894529,1.1371473561344483,4.505145233913951
1090,-3.3404844674959784,1.1372480965237648,4.505043753303542
1091,-3.341485442485701,1.1373486553188763,4.504942638220435
1092,-3.3424846131220898,1.137449032847124,4.504841887348025
1093,-3.3434819826576647,1.137549229435259,4.5047414993744415
1094,-3.3444775543390826,1.1376492454094427,4.504641472992546
1095,-3.3454713314071474,1.1377490810952493,4.504541806899904
1096,-3.346463317096822,1.1378487368176657,4.5044424997987775
1097,-3.347453514637238,1.1379482129010936,4.504343550396099
1098,-3.348441927251705,1.138047509669349,4.504244957403459
1099,-3.3494285581577237,1.1381466274456649,4.504146719537084
1100,-3.350413410566994,1.1382455665526914,4.504048835517842
1101,-3.3513964876854265,1.1383443273124971,4.503951304071183
1102,-3.3523777927131535,1.1384429100465698,4.503854123927167
1103,-3.353357328844538,1.138541315075818,4.5037572938204224
1104,-3.3543350992681855,1.1386395427205716,4.503660812490135
1105,-3.355311107166953,1.1387375933005834,4.503564678680032
1106,-3.3562853557179606,1.1388354671350294,4.503468891138366
1107,-3.357257848092601,1.1389331645425103,4.503373448617895
1108,-3.358228587456551,1.1390306858410526,4.503278349875874
1109,-3.35919757696978,1.1391280313481098,4.503183593674036
1110,-3.3601648197865615,1.1392252013805628,4.503089178778567
1111,-3.361130319055483,1.1393221962547213,4.502995103960107
1112,-3.362094077919457,1.139419016286325,4.502901367993706
1113,-3.36305609951573,1.1395156617905442,4.502807969658853
1114,-3.364016386975894,1.1396121330819815,4.502714907739412
1115,-3.3649749434258944,1.1397084304746719,4.502622181023631
1116,-3.3659317719860438,1.1398045542820845,4.50252978830413
1117,-3.366886875771029,1.1399005048171236,4.502437728377876
1118,-3.3678402578899225,1.1399962823921292,4.5023460000461615
1119,-3.368791921446192,1.1400918873188786,4.502254602114602
1120,-3.369741869537712,1.1401873199085861,4.502163533393122
1121,-3.3706901052567715,1.1402825804719063,4.502072792695919
1122,-3.3716366316900865,1.1403776693189334,4.501982378841469
1123,-3.372581451918808,1.140472586759202,4.501892290652507
1124,-3.3735245690185334,1.1405673331016895,4.501802526956002
1125,-3.374465986059316,1.1406619086548158,4.501713086583155
1126,-3.3754057061056746,1.1407563137264451,4.501623968369366
1127,-3.3763437322166046,1.140850548623887,4.5015351711542415
1128,-3.3772800674455867,1.1409446136538965,4.50144669378156
1129,-3.3782147148405977,1.141038509122676,4.501358535099273
1130,-3.37914767744412,1.141132235335876,4.501270693959466
1131,-3.3800789582931516,1.1412257925985956,4.5011831692183755
1132,-3.3810085604192164,1.1413191812153842,4.501095959736355
1133,-3.3819364868483732,1.1414124014902425,4.501009064377852
1134,-3.3828627406012264,1.141505453726623,4.500922482011422
1135,-3.383787324692935,1.1415983382274308,4.5008362115096725
1136,-3.384710242133224,1.141691055295026,4.500750251749298
1137,-3.385631495926391,1.1417836052312222,4.500664601611015
1138,-3.3865510890713204,1.1418759883372902,4.500579259979591
1139,-3.3874690245614896,1.1419682049139575,4.500494225743793
1140,-3.38838530538498,1.1420602552614088,4.5004094977964115
1141,-3.3892999345244865,1.1421521396792884,4.500325075034204
1142,-3.390212914957328,1.1422438584667005,4.500240956357913
1143,-3.391124249655457,1.1423354119222096,4.500157140672241
1144,-3.3920339415854666,1.1424268003438423,4.500073626885831
1145,-3.3929419937086047,1.1425180240290882,4.499990413911262
1146,-3.39384840898078,1.1426090832749,4.499907500665023
1147,-3.394753190352574,1.142699978377696,4.499824886067515
1148,-3.3956563407692473,1.1427907096333596,4.499742569043017
1149,-3.3965578631707536,1.1428812773372408,4.499660548519691
1150,-3.397457760491746,1.1429716817841573,4.499578823429555
1151,-3.3983560356615885,1.1430619232683956,4.499497392708479
1152,-3.3992526916043633,1.1431520020837116,4.499416255296163
1153,-3.4001477312388824,1.1432419185233316,4.499335410136121
1154,-3.4010411574786965,1.143331672879953,4.499254856175683
1155,-3.401932973232104,1.1434212654457465,4.49917459236596
1156,-3.4028231814021614,1.1435106965123552,4.499094617661846
1157,-3.403711784886691,1.143599966370897,4.499014931022003
1158,-3.4045987865782927,1.1436890753119646,4.498935531408836
1159,-3.4054841893643517,1.1437780236256276,4.498856417788499
1160,-3.4063679961270483,1.1438668116014319,4.498777589130853
1161,-3.4072502097433675,1.1439554395284022,4.498699044409483
1162,-3.4081308330851083,1.1440439076950415,4.498620782601662
1163,-3.4090098690188935,1.1441322163893335,4.4985428026883625
1164,-3.4098873204061775,1.1442203658987422,4.498465103654209
1165,-3.4107631901032573,1.1443083565102135,4.498387684487494
1166,-3.4116374809612813,1.144396188510176,4.498310544180149
1167,-3.412510195826258,1.1444838621845428,4.498233681727738
1168,-3.413381337539066,1.1445713778187103,4.498157096129444
1169,-3.4142509089354625,1.1446587356975615,4.4980807863880585
1170,-3.4151189128460935,1.1447459361054653,4.498004751509954
1171,-3.4159853520965022,1.1448329793262781,4.497928990505098
1172,-3.416850229507139,1.1449198656433448,4.497853502387003
1173,-3.4177135478933693,1.1450065953394994,4.497778286172755
1174,-3.418575310065484,1.1450931686970662,4.497703340882972
1175,-3.4194355188287084,1.1451795859978606,4.497628665541799
1176,-3.420294176983211,1.1452658475231894,4.497554259176892
1177,-3.421151287324112,1.1453519535538532,4.49748012081942
1178,-3.4220068526414944,1.145437904370146,4.497406249504032
1179,-3.422860875720411,1.1455237002518566,4.497332644268857
1180,-3.4237133593408937,1.145609341478269,4.497259304155495
1181,-3.4245643062779645,1.145694828328165,4.497186228208987
1182,-3.4254137193016425,1.1457801610798222,4.497113415477821
1183,-3.4262616011769533,1.145865340011018,4.497040865013909
1184,-3.427107954663939,1.1459503653990284,4.496968575872587
1185,-3.4279527825176657,1.1460352375206295,4.496896547112578
1186,-3.4287960874882333,1.146119956652099,4.496824777795999
1187,-3.429637872320785,1.1462045230692162,4.4967532669883665
1188,-3.430478139755515,1.146288937047263,4.496682013758532
1189,-3.4313168925276787,1.146373198861026,4.496611017178719
1190,-3.4321541333676,1.1464573087847956,4.496540276324489
1191,-3.432989865000682,1.1465412670923678,4.496469790274731
1192,-3.433824090147414,1.1466250740570458,4.496399558111664
1193,-3.4346568115233826,1.1467087299516396,4.496329578920789
1194,-3.4354880318392786,1.1467922350484672,4.496259851790923
1195,-3.436317753800907,1.1468755896193563,4.496190375814155
1196,-3.437145980109194,1.146958793935644,4.496121150085844
1197,-3.4379727134601987,1.147041848268179,4.496052173704617
1198,-3.4387979565451197,1.1471247528873214,4.495983445772328
1199,-3.4396217120503043,1.1472075080629436,4.495914965394089
1200,-3.4404439826572575,1.147290114064432,4.495846731678219
1201,-3.4412647710426505,1.1473725711606875,4.495778743736257
1202,-3.4420840798783296,1.1474548796201256,4.495711000682937
1203,-3.4429019118313255,1.1475370397106788,4.495643501636183
1204,-3.44371826956386,1.1476190516997962,4.495576245717105
1205,-3.4445331557333576,1.1477009158544444,4.495509232049967
1206,-3.445346572992451,1.1477826324411098,4.495442459762185
1207,-3.4461585239889923,1.1478642017257974,4.4953759279843375
1208,-3.44696901136606,1.1479456239740333,4.495309635850108
1209,-3.4477780377619687,1.148026899450865,4.495243582496323
1210,-3.4485856058102766,1.1481080284208613,4.4951777670629065
1211,-3.4493917181397955,1.1481890111481157,4.495112188692883
1212,-3.4501963773745974,1.1482698478962443,4.495046846532364
1213,-3.4509995861340252,1.1483505389283883,4.494981739730535
1214,-3.4518013470326996,1.1484310845072152,4.494916867439652
1215,-3.4526016626805283,1.148511484894918,4.494852228815012
1216,-3.4534005356827144,1.1485917403532182,4.494787823014971
1217,-3.4541979686397655,1.1486718511433645,4.494723649200903
1218,-3.4549939641475,1.148751817526135,4.494659706537213
1219,-3.455788524797059,1.1488316397618386,4.494595994191309
1220,-3.456581653174911,1.1489113181103132,4.494532511333591
1221,-3.4573733518628633,1.14899085283093,4.494469257137469
1222,-3.458163623438069,1.1490702441825917,4.494406230779308
1223,-3.4589524704730357,1.1491494924237349,4.4943434314384545
1224,-3.459739895535633,1.1492285978123296,4.4942808582972
1225,-3.4605259011891034,1.1493075606058811,4.494218510540788
1226,-3.461310489992067,1.1493863810614313,4.494156387357402
1227,-3.462093664498533,1.1494650594355575,4.494094487938134
1228,-3.4628754272579063,1.1495435959843752,4.494032811477004
1229,-3.4636557808149964,1.1496219909635383,4.493971357170924
1230,-3.4644347277100254,1.1497002446282396,4.493910124219712
1231,-3.465212270478636,1.1497783572332119,4.493849111826053
1232,-3.4659884116519013,1.1498563290327288,4.493788319195519
1233,-3.466763153756331,1.1499341602806057,4.493727745536528
1234,-3.467536499313881,1.1500118512302004,4.49366739006036
1235,-3.46830845084196,1.1500894021344141,4.493607251981142
1236,-3.4690790108534406,1.150166813245692,4.493547330515809
1237,-3.469848181856664,1.150244084816024,4.493487624884137
1238,-3.4706159663554517,1.1503212170969463,4.493428134308707
1239,-3.47138236684911,1.1503982103395414,4.493368858014889
1240,-3.4721473858324408,1.1504750647944388,4.493309795230865
1241,-3.472911025795749,1.1505517807118173,4.493250945187582
1242,-3.4736732892248505,1.1506283583414036,4.493192307118759
1243,-3.47443417860108,1.1507047979324747,4.493133880260874
1244,-3.4751936964012997,1.1507810997338586,4.49307566385316
1245,-3.475951845097906,1.150857263993934,4.493017657137589
1246,-3.4767086271588403,1.1509332909606325,4.492959859358859
1247,-3.4774640450475935,1.1510091808814384,4.492902269764393
1248,-3.4782181012232174,1.1510849340033904,4.492844887604319
1249,-3.47897079814033,1.151160550573081,4.492787712131476
1250,-3.4797221382491252,1.1512360308366594,4.492730742601388
1251,-3.48047212399538,1.1513113750398298,4.492673978272259
1252,-3.4812207578204624,1.1513865834278547,4.492617418404968
1253,-3.48196804216134,1.1514616562455535,4.492561062263052
1254,-3.4827139794505872,1.1515365937373048,4.492504909112715
1255,-3.483458572116394,1.1516113961470464,4.492448958222776
1256,-3.484201822582573,1.151686063718277,4.492393208864719
1257,-3.484943733268567,1.1517605966940558,4.492337660312629
1258,-3.485684306589459,1.1518349953170037,4.492282311843224
1259,-3.4864235449559775,1.1519092598293048,4.492227162735803
1260,-3.4871614507745052,1.1519833904727064,4.492172212272292
1261,-3.487898026447088,1.15205738748852,4.492117459737171
1262,-3.4886332743714417,1.152131251117622,4.49206290441753
1263,-3.489367196940959,1.152204981600455,4.4920085456029994
1264,-3.49009979654472,1.1522785791770276,4.491954382585779
1265,-3.490831075567496,1.1523520440869164,4.491900414660625
1266,-3.4915610363897613,1.1524253765692654,4.491846641124821
1267,-3.4922896813876987,1.1524985768627882,4.491793061278187
1268,-3.4930170129332074,1.152571645205768,4.491739674423074
1269,-3.493743033393912,1.1526445818360578,4.491686479864332
1270,-3.4944677451331674,1.1527173869910827,4.491633476909317
1271,-3.4951911505100703,1.1527900609078394,4.491580664867889
1272,-3.495913251879464,1.1528626038228975,4.491528043052388
1273,-3.496634051591946,1.1529350159724001,4.491475610777624
1274,-3.4973535519938785,1.1530072975920644,4.491423367360894
1275,-3.498071755427393,1.1530794489171832,4.491371312121932
1276,-3.4987886642303994,1.1531514701826249,4.491319444382941
1277,-3.4995042807365935,1.1532233616228345,4.491267763468545
1278,-3.5002186072754635,1.1532951234718343,4.49121626870583
1279,-3.5009316461722997,1.153366755963225,4.49116495942427
1280,-3.5016433997482,1.153438259330186,4.491113834955787
1281,-3.5023538703200785,1.1535096338054764,4.491062894634688
1282,-3.503063060200673,1.1535808796214362,4.491012137797682
1283,-3.503770971698552,1.1536519970099857,4.490961563783877
1284,-3.5044776071181234,1.1537229862026277,4.490911171934751
1285,-3.50518296875964,1.1537938474304477,4.490860961594163
1286,-3.5058870589192095,1.1538645809241146,4.4908109321083165
1287,-3.5065898798887996,1.1539351869138814,4.4907610828257924
1288,-3.5072914339562464,1.154005665629586,4.4907114130975065
1289,-3.507991723405263,1.1540760173006523,4.490661922276715
1290,-3.508690750515445,1.1541462421560902,4.490612609719009
1291,-3.509388517562279,1.1542163404244972,4.490563474782286
1292,-3.5100850268171504,1.1542863123340585,4.490514516826772
1293,-3.5107802805473494,1.154356158112548,4.490465735214987
1294,-3.5114742810160795,1.154425877987329,4.49041712931175
1295,-3.512167030482465,1.1544954721853553,4.4903686984841755
1296,-3.512858531201557,1.1545649409331709,4.490320442101646
1297,-3.5135487854243426,1.154634284456912,4.49027235953582
1298,-3.5142377953977504,1.1547035029823067,4.490224450160624
1299,-3.5149255633646592,1.1547725967346771,4.490176713352229
1300,-3.515612091563905,1.1548415659389382,4.490129148489065
1301,-3.516297382230287,1.1549104108195998,4.490081754951793
1302,-3.5169814375945783,1.1549791316007672,4.490034532123305
1303,-3.517664259883528,1.1550477285061416,4.4899874793887244
1304,-3.518345851319873,1.1551162017590209,4.489940596135376
1305,-3.5190262141223427,1.155184551582301,4.489893881752801
1306,-3.519705350505668,1.155252778198475,4.489847335632737
1307,-3.520383262680587,1.1553208818296359,4.489800957169108
1308,-3.5210599528538515,1.1553888626974758,4.489754745758032
1309,-3.521735423228238,1.1554567210232873,4.489708700797792
1310,-3.5224096760025496,1.1555244570279646,4.489662821688841
1311,-3.523082713371628,1.1555920709320027,4.489617107833789
1312,-3.5237545375263575,1.1556595629554998,4.489571558637408
1313,-3.524425150653673,1.1557269333181575,4.489526173506604
1314,-3.5250945549365675,1.155794182239281,4.489480951850421
1315,-3.525762752554099,1.1558613099377804,4.489435893080037
1316,-3.526429745681397,1.1559283166321708,4.48939099660874
1317,-3.527095536489671,1.155995202540574,4.48934626185194
1318,-3.527760127146216,1.1560619678807182,4.48930168822716
1319,-3.528423519814421,1.1561286128699393,4.489257275153997
1320,-3.529085716653774,1.1561951377251811,4.48921302205416
1321,-3.5297467198198715,1.156261542662997,4.489168928351441
1322,-3.530406531464424,1.1563278278995495,4.48912499347169
1323,-3.5310651537352635,1.1563939936506116,4.489081216842844
1324,-3.5317225887763497,1.1564600401315672,4.489037597894884
1325,-3.532378838727778,1.1565259675574122,4.488994136059858
1326,-3.533033905725786,1.1565917761427549,4.488950830771859
1327,-3.5336877919027607,1.1566574661018167,4.488907681467004
1328,-3.534340499387245,1.1567230376484328,4.488864687583456
1329,-3.5349920303039455,1.1567884909960529,4.488821848561392
1330,-3.535642386773738,1.1568538263577421,4.488779163843021
1331,-3.5362915709136757,1.1569190439461814,4.488736632872537
1332,-3.5369395848369956,1.1569841439736683,4.488694255096152
1333,-3.5375864306531253,1.1570491266521177,4.488652029962078
1334,-3.5382321104676895,1.1571139921930624,4.488609956920498
1335,-3.538876626382518,1.1571787408076541,4.488568035423582
1336,-3.5395199804956516,1.1572433727066638,4.488526264925481
1337,-3.5401621749013494,1.1573078881004821,4.488484644882306
1338,-3.540803211690095,1.1573722871991214,4.4884431747521205
1339,-3.541443092948604,1.1574365702122145,4.488401853994954
1340,-3.5420818207598304,1.157500737349017,4.488360682072769
1341,-3.542719397202973,1.1575647888184064,4.488319658449472
1342,-3.5433558243534837,1.157628724828885,4.488278782590899
1343,-3.5439911042830725,1.1576925455885783,4.488238053964809
1344,-3.5446252390597146,1.1577562513052368,4.488197472040884
1345,-3.5452582307476583,1.1578198421862367,4.4881570362906995
1346,-3.5458900814074306,1.1578833184385802,4.4881167461877585
1347,-3.546520793095844,1.1579466802688965,4.488076601207442
1348,-3.547150367866003,1.1580099278834424,4.4880366008270265
1349,-3.547778807767312,1.1580730614881023,4.487996744525673
1350,-3.548406114845481,1.1581360812883903,4.487957031784418
1351,-3.5490322911425323,1.1581989874894498,4.487917462086167
1352,-3.5496573386968073,1.1582617802960542,4.487878034915682
1353,-3.550281259542973,1.1583244599126077,4.487838749759594
1354,-3.5509040557120284,1.1583870265431462,4.487799606106368
1355,-3.551525729231312,1.158449480391338,4.487760603446324
1356,-3.5521462821245073,1.1585118216604842,4.487721741271611
1357,-3.5527657164116504,1.158574050553519,4.487683019076203
1358,-3.553384034109136,1.1586361672730112,4.487644436355913
1359,-3.554001237229724,1.1586981720211644,4.487605992608355
1360,-3.5546173277825455,1.1587600649998178,4.487567687332955
1361,-3.555232307773111,1.1588218464104465,4.487529520030948
1362,-3.5558461792033156,1.1588835164541624,4.4874914902053575
1363,-3.556458944071445,1.1589450753317154,4.487453597361011
1364,-3.5570706043721843,1.159006523243493,4.487415841004498
1365,-3.557681162096621,1.1590678603895215,4.4873782206442
1366,-3.558290619232255,1.1591290869694668,4.487340735790272
1367,-3.558898977763003,1.159190203182635,4.487303385954625
1368,-3.5595062396692057,1.1592512092279728,4.48726617065093
1369,-3.560112406927634,1.159312105304068,4.487229089394612
1370,-3.560717481511495,1.159372891609151,4.487192141702836
1371,-3.5613214653904395,1.1594335683410946,4.487155327094521
1372,-3.561924360530568,1.1594941356974147,4.487118645090291
1373,-3.562526168894436,1.1595545938752712,4.4870820952125285
1374,-3.563126892441062,1.159614943071469,4.487045676985318
1375,-3.563726533125933,1.1596751834824581,4.487009389934455
1376,-3.5643250929010115,1.159735315304334,4.486973233587461
1377,-3.5649225737147403,1.159795338732839,4.486937207473537
1378,-3.5655189775120513,1.1598552539633624,4.486901311123599
1379,-3.566114306234369,1.159915061190942,4.486865544070243
1380,-3.56670856181962,1.1599747606102628,4.486829905847749
1381,-3.567301746202236,1.16003435241566,4.486794395992076
1382,-3.5678938613131628,1.1600938368011178,4.486759014040854
1383,-3.568484909079865,1.1601532139602708,4.486723759533374
1384,-3.5690748914263324,1.1602124840864048,4.486688632010598
1385,-3.5696638102730875,1.1602716473724572,4.486653631015132
1386,-3.5702516675371907,1.1603307040110173,4.486618756091232
1387,-3.570838465132246,1.1603896541943277,4.486584006784799
1388,-3.571424204968408,1.160448498114284,4.486549382643358
1389,-3.5720088889523893,1.1605072359624358,4.486514883216076
1390,-3.5725925189874643,1.1605658679299882,4.4864805080537415
1391,-3.573175096973477,1.160624394207801,4.486446256708759
1392,-3.573756624806846,1.1606828149863897,4.486412128735142
1393,-3.5743371043805734,1.160741130455927,4.4863781236885165
1394,-3.5749165375842464,1.160799340806243,4.486344241126109
1395,-3.575494926304048,1.1608574462268244,4.4863104806067335
1396,-3.5760722724227603,1.1609154469068175,4.486276841690803
1397,-3.576648577819771,1.1609733430350273,4.486243323940305
1398,-3.5772238443710815,1.1610311347999183,4.4862099269188125
1399,-3.5777980739493107,1.1610888223896154,4.486176650191463
1400,-3.5783712684237017,1.1611464059919043,4.486143493324961
1401,-3.578943429660128,1.1612038857942326,4.486110455887581
1402,-3.5795145595211006,1.1612612619837093,4.486077537449146
1403,-3.5800846598657725,1.1613185347471064,4.486044737581024
1404,-3.5806537325499455,1.1613757042708597,4.486012055856135
1405,-3.581221779426076,1.1614327707410683,4.485979491848933
1406,-3.581788802343281,1.1614897343434962,4.485947045135408
1407,-3.582354803147345,1.1615465952635724,4.485914715293069
1408,-3.5829197836807247,1.1616033536863917,4.485882501900957
1409,-3.583483745782556,1.1616600097967151,4.485850404539625
1410,-3.5840466912886586,1.161716563778971,4.485818422791136
1411,-3.5846086220315447,1.1617730158172548,4.485786556239061
1412,-3.5851695398404217,1.16182936609533,4.48575480446847
1413,-3.5857294465412,1.1618856147966297,4.485723167065917
1414,-3.5862883439565,1.1619417621042554,4.4856916436194645
1415,-3.586846233905654,1.1619978082009788,4.485660233718652
1416,-3.587403118204717,1.1620537532692425,4.485628936954484
1417,-3.5879589986664695,1.1621095974911602,4.485597752919454
1418,-3.5885138771004246,1.1621653410485164,4.4855666812075246
1419,-3.589067755312833,1.1622209841227695,4.485535721414105
1420,-3.589620635106691,1.1622765268950492,4.485504873136073
1421,-3.5901725182817423,1.1623319695461598,4.485474135971758
1422,-3.5907234066344884,1.162387312256579,4.4854435095209375
1423,-3.591273301958192,1.16244255520646,4.485412993384826
1424,-3.591822206042883,1.1624976985756301,4.4853825871660735
1425,-3.592370120675364,1.1625527425435933,4.485352290468771
1426,-3.5929170476392187,1.1626076872895301,4.485322102898416
1427,-3.5934629887148137,1.1626625329922973,4.485292024061954
1428,-3.5940079456793073,1.16271727983043,4.485262053567723
1429,-3.5945519203066536,1.162771927982141,4.485232191025479
1430,-3.59509491436761,1.1628264776253219,4.485202436046394
1431,-3.595636929629741,1.1628809289375444,4.485172788243022
1432,-3.5961779678574253,1.1629352820960586,4.485143247229333
1433,-3.596718030811861,1.1629895372777965,4.485113812620665
1434,-3.597257120251072,1.1630436946593705,4.48508448403376
1435,-3.5977952379299127,1.1630977544170749,4.485055261086732
1436,-3.598332385600074,1.1631517167268859,4.485026143399074
1437,-3.59886856501009,1.1632055817644626,4.484997130591646
1438,-3.5994037779053416,1.1632593497051478,4.484968222286678
1439,-3.599938026028065,1.1633130207239677,4.484939418107754
1440,-3.6004713111173547,1.1633665949956336,4.4849107176798215
1441,-3.601003634909171,1.163420072694541,4.484882120629175
1442,-3.6015349991363443,1.163473453994772,4.484853626583451
1443,-3.6020654055285823,1.163526739070094,4.48482523517164
1444,-3.602594855812474,1.163579928093962,4.484796946024051
1445,-3.6031233517114964,1.163633021239518,4.48476875877234
1446,-3.60365089494602,1.1636860186795916,4.484740673049484
1447,-3.604177487233313,1.1637389205867013,4.484712688489781
1448,-3.60470313028755,1.163791727133054,4.484684804728849
1449,-3.605227825819813,1.163844438490547,4.484657021403618
1450,-3.6057515755381027,1.1638970548307674,4.484629338152313
1451,-3.6062743811473386,1.1639495763249927,4.484601754614484
1452,-3.606796244349368,1.164002003144192,4.484574270430969
1453,-3.60731716684297,1.164054335459026,4.484546885243896
1454,-3.607837150323862,1.1641065734398481,4.484519598696685
1455,-3.608356196484704,1.1641587172567043,4.484492410434043
1456,-3.608874307015106,1.1642107670793338,4.484465320101953
1457,-3.6093914836016303,1.164262723077171,4.484438327347679
1458,-3.609907727927801,1.1643145854193433,4.484411431819745
1459,-3.6104230416741063,1.1643663542746743,4.484384633167953
1460,-3.610937426518006,1.164418029811683,4.484357931043358
1461,-3.611450884133936,1.1644696121985847,4.484331325098271
1462,-3.6119634161933125,1.1645211016032913,4.484304814986267
1463,-3.612475024364541,1.164572498193412,4.484278400362154
1464,-3.612985710313018,1.1646238021362545,4.484252080881993
1465,-3.613495475701138,1.1646750135988237,4.48422585620308
1466,-3.6140043221882996,1.1647261327478247,4.48419972598395
1467,-3.61451225143091,1.164777159749661,4.484173689884361
1468,-3.6150192650823896,1.1648280947704373,4.484147747565297
1469,-3.61552536479318,1.1648789379759579,4.48412189868897
1470,-3.6160305522107463,1.1649296895317287,4.484096142918808
1471,-3.616534828979585,1.1649803496029572,4.484070479919442
1472,-3.6170381967412273,1.1650309183545529,4.484044909356718
1473,-3.617540657134246,1.1650813959511281,4.484019430897684
1474,-3.61804221179426,1.165131782556999,4.483994044210589
1475,-3.6185428623539395,1.1651820783361844,4.483968748964878
1476,-3.619042610443012,1.1652322834524087,4.483943544831183
1477,-3.6195414576882676,1.1652823980691,4.483918431481318
1478,-3.6200394057135634,1.1653324223493928,4.483893408588293
1479,-3.6205364561398294,1.165382356456127,4.483868475826281
1480,-3.621032610585074,1.1654322005518492,4.483843632870646
1481,-3.6215278706643894,1.1654819547988124,4.483818879397901
1482,-3.622022237989955,1.1655316193589782,4.483794215085734
1483,-3.622515714171046,1.1655811943940153,4.483769639612999
1484,-3.623008300814034,1.1656306800653014,4.483745152659697
1485,-3.6234999995223984,1.1656800765339232,4.483720753906989
1486,-3.6239908118967255,1.165729383960677,4.483696443037179
1487,-3.6244807395347176,1.1657786025060697,4.4836722197337195
1488,-3.624969784031197,1.165827732330318,4.4836480836811985
1489,-3.6254579469781105,1.1658767735933502,4.483624034565349
1490,-3.6259452299645356,1.1659257264548066,4.483600072073022
1491,-3.6264316345766856,1.1659745910740398,4.483576195892218
1492,-3.6269171623979144,1.1660233676101144,4.483552405712034
1493,-3.6274018150087213,1.1660720562218088,4.483528701222707
1494,-3.627885593986757,1.1661206570676153,4.4835050821155855
1495,-3.628368500906829,1.1661691703057402,4.483481548083119
1496,-3.6288505373409046,1.1662175960941048,4.48345809881888
1497,-3.629331704858118,1.1662659345903457,4.483434734017543
1498,-3.629812005024776,1.1663141859518151,4.483411453374869
1499,-3.6302914394043606,1.166362350335582,4.483388256587728
